date	cname	industry_id	cid	cmid	possibility	pay	balance	culture	management	recommend	expect	job_kind	current	area	helpful_count	is_best
2015/2/28	스타벅스커피코리아(주)	100	70749	87523	3.0	2.0	1.0	4.0	2.0	0	1	서비스/고객지원	전직원	서울	 1 	False
2015/2/23	스타벅스커피코리아(주)	100	70749	85978	4.0	3.0	3.0	4.0	4.0	1	1	서비스/고객지원	현직원	서울	 1 	False
2015/2/18	스타벅스커피코리아(주)	100	70749	85083	2.0	2.0	3.0	4.0	2.0	0	1	서비스/고객지원	전직원	서울	 0 	False
2015/2/10	스타벅스커피코리아(주)	100	70749	83248	4.0	4.0	3.0	4.0	4.0	1	1	서비스/고객지원	현직원	서울	 1 	False
2015/2/8	스타벅스커피코리아(주)	100	70749	82558	4.0	3.0	3.0	4.0	3.0	1	1	서비스/고객지원	현직원		 0 	False
2015/2/6	스타벅스커피코리아(주)	100	70749	82155	2.0	4.0	4.0	4.0	3.0	1	1	서비스/고객지원	전직원	경기	 0 	False
2015/2/23	한국맥도날드(유)	100	3616	85906	4.0	3.0	2.0	3.0	3.0	0	1	서비스/고객지원	전직원	서울	 0 	False
2015/2/16	한국맥도날드(유)	100	3616	84660	4.0	1.0	1.0	2.0	3.0	0	1	서비스/고객지원	전직원	대전	 0 	False
2015/2/2	한국맥도날드(유)	100	3616	80818	3.0	2.0	2.0	3.0	3.0	0	1	서비스/고객지원	현직원	서울	 0 	False
2015/2/12	(주)하나투어	100	49174	83973	3.0	2.0	3.0	4.0	3.0	0	1	기타	전직원	서울	 1 	False
2015/2/7	(주)하나투어	100	49174	82372	3.0	2.0	3.0	4.0	3.0	1	1	영업/제휴	전직원	부산	 1 	False
2015/2/6	(주)하나투어	100	49174	82295	2.0	1.0	1.0	3.0	1.0	0	1	경영/기획/컨설팅	전직원	기타	 0 	False
2015/2/4	(주)하나투어	100	49174	81690	3.0	2.0	4.0	3.0	3.0	1	1	경영/기획/컨설팅	현직원	서울	 2 	False
2015/2/3	(주)하나투어	100	49174	81152	3.0	2.0	4.0	4.0	3.0	1	1	영업/제휴	전직원	부산	 1 	False
2015/2/20	(주)세스코	100	71990	85284	2.0	2.0	4.0	2.0	2.0	0	1	영업/제휴	현직원	경기	 0 	False
2015/2/10	(주)세스코	100	71990	83375	4.0	3.0	2.0	2.0	2.0	1	1	전문직	전직원	인천	 0 	False
2015/2/23	씨제이푸드빌(주)	100	23183	85961	2.0	2.0	4.0	4.0	1.0	0	0	경영/기획/컨설팅	현직원	서울	 1 	False
2015/2/22	씨제이푸드빌(주)	100	23183	85602	2.0	3.0	1.0	3.0	3.0	0	0	서비스/고객지원	전직원	대전	 0 	False
2015/2/15	씨제이푸드빌(주)	100	23183	84412	3.0	2.0	3.0	4.0	3.0	1	1	서비스/고객지원	전직원	서울	 0 	False
2015/2/1	씨제이푸드빌(주)	100	23183	80449	3.0	3.0	4.0	4.0	5.0	1	1	서비스/고객지원	전직원	서울	 0 	False
2015/2/24	유베이스(주)	100	87279	86042	3.0	2.0	3.0	3.0	3.0	0	1	IT/인터넷	전직원	경기	 0 	False
2015/2/22	유베이스(주)	100	87279	85555	3.0	3.0	2.0	4.0	2.0	0	0	서비스/고객지원	전직원	경기	 0 	False
2015/2/20	유베이스(주)	100	87279	85346	4.0	3.0	2.0	3.0	2.0	0	1	영업/제휴	전직원	경기	 4 	True
2015/2/13	유베이스(주)	100	87279	84065	1.0	1.0	1.0	1.0	1.0	0	0	영업/제휴	전직원	경기	 1 	False
2015/2/10	유베이스(주)	100	87279	83208	1.0	2.0	3.0	2.0	2.0	0	1	영업/제휴	전직원	서울	 0 	False
2015/2/23	아워홈(주)	100	68269	85871	1.0	1.0	2.0	1.0	1.0	0	0	서비스/고객지원	전직원	경기	 5 	False
2015/2/21	아워홈(주)	100	68269	85380	4.0	2.0	2.0	2.0	3.0	1	1	서비스/고객지원	전직원		 2 	False
2015/2/4	아워홈(주)	100	68269	81520	4.0	3.0	4.0	1.0	1.0	0	0	경영/기획/컨설팅	현직원	서울	 4 	False
2015/2/12	아웃백스테이크하우스코리아(유)	100	86465	83990	2.0	2.0	2.0	4.0	4.0	0	0	서비스/고객지원	전직원	부산	 0 	False
2015/2/3	아웃백스테이크하우스코리아(유)	100	86465	81333	3.0	4.0	1.0	5.0	4.0	1	1	서비스/고객지원	전직원	서울	 0 	False
2015/2/24	(주)커피빈코리아	100	53841	86376	3.0	2.0	4.0	3.0	3.0	0	1	서비스/고객지원	전직원	서울	 0 	False
2015/2/1	(주)호텔신라	100	47377	80456	3.0	1.0	1.0	4.0	3.0	0	1	경영/기획/컨설팅	현직원	서울	 8 	False
2015/2/23	트랜스코스모스코리아(주)	100	51105	85778	3.0	3.0	3.0	3.0	3.0	0	1	영업/제휴	전직원	서울	 0 	False
2015/2/13	트랜스코스모스코리아(주)	100	51105	84135	2.0	2.0	3.0	3.0	3.0	0	1	경영/기획/컨설팅	현직원	서울	 0 	False
2015/2/9	트랜스코스모스코리아(주)	100	51105	83007	3.0	1.0	3.0	1.0	1.0	0	1	영업/제휴	현직원	서울	 0 	False
2015/2/8	트랜스코스모스코리아(주)	100	51105	82660	3.0	3.0	3.0	3.0	3.0	0	1	서비스/고객지원	현직원	인천	 0 	False
2015/2/25	씨제이푸드빌(주) 빕스	100	91680	86393	3.0	2.0	3.0	3.0	3.0	1	1	서비스/고객지원	전직원		 0 	False
2015/2/19	(주)유니에스	100	87274	85190	3.0	2.0	1.0	2.0	2.0	0	1	서비스/고객지원	현직원	인천	 0 	False
2015/2/26	(주)에스텍시스템	100	89310	86903	2.0	3.0	3.0	1.0	2.0	0	1	전문직	전직원	서울	 0 	False
2015/2/3	(주)에스텍시스템	100	89310	81256	4.0	4.0	3.0	3.0	3.0	0	1	특수계층/공공	전직원	서울	 0 	False
2015/2/28	에스원(주)	100	65658	87507	4.0	4.0	2.0	3.0	3.0	0	1	기타	전직원	서울	 0 	False
2015/2/7	에스원(주)	100	65658	82452	4.0	5.0	2.0	3.0	3.0	0	1	서비스/고객지원	현직원	서울	 2 	False
2015/2/4	씨제이푸드빌(주) 투썸플레이스	100	94601	81362	2.0	3.0	2.0	1.0	2.0	0	1	서비스/고객지원	전직원		 1 	False
2015/2/28	세일즈웍스 코리아(유)	100	90449	87557	4.0	3.0	3.0	4.0	3.0	0	1	영업/제휴	전직원	서울	 2 	False
2015/2/22	이트너스(주)	100	13535	85586	3.0	3.0	3.0	2.0	2.0	0	1	기타	전직원	경기	 4 	False
2015/2/5	이트너스(주)	100	13535	81989	1.0	1.0	1.0	1.0	1.0	0	0	기타	현직원	기타	 4 	False
2015/2/5	이트너스(주)	100	13535	81866	2.0	2.0	2.0	2.0	2.0	0	1	경영/기획/컨설팅	현직원	경기	 0 	False
2015/2/23	피알원(주)	100	87461	85764	3.0	4.0	3.0	2.0	2.0	1	1	서비스/고객지원	현직원	서울	 0 	False
2015/2/18	피알원(주)	100	87461	85124	3.0	4.0	3.0	4.0	3.0	1	1	전문직	현직원	서울	 0 	False
2015/2/16	피알원(주)	100	87461	84671	3.0	2.0	2.0	3.0	3.0	1	1	미디어/홍보	전직원	서울	 0 	False
2015/2/12	피알원(주)	100	87461	84001	3.0	3.0	1.0	2.0	3.0	0	0	경영/기획/컨설팅	전직원	서울	 0 	False
2015/2/6	피알원(주)	100	87461	82337	4.0	4.0	1.0	4.0	3.0	1	1	미디어/홍보	현직원	서울	 0 	False
2015/2/4	피알원(주)	100	87461	81584	5.0	3.0	4.0	5.0	3.0	1	1	미디어/홍보	현직원	서울	 0 	False
2015/2/28	현대그린푸드(주)	100	47646	87487	4.0	4.0	3.0	4.0	4.0	1	1	인사/총무	현직원	경기	 0 	False
2015/2/17	현대그린푸드(주)	100	47646	84885	3.0	5.0	4.0	3.0	4.0	1	1	IT/인터넷	현직원	서울	 9 	False
2015/2/15	현대그린푸드(주)	100	47646	84579	3.0	3.0	3.0	4.0	3.0	1	1	기타	현직원	경기	 0 	False
2015/2/9	현대그린푸드(주)	100	47646	82967	3.0	3.0	1.0	2.0	3.0	0	1	전문직	전직원		 2 	False
2015/2/17	던킨도너츠(주)	100	92793	85042	3.0	3.0	3.0	3.0	3.0	1	1	서비스/고객지원	전직원	경북	 0 	False
2015/2/13	(주)그린웹서비스	100	86851	84101	3.0	3.0	4.0	4.0	3.0	1	1	IT/인터넷	전직원	서울	 2 	False
2015/2/3	(주)그린웹서비스	100	86851	81106	2.0	1.0	3.0	2.0	1.0	0	1	IT/인터넷	전직원	서울	 13 	True
2015/2/10	한국피자헛(유)	100	2927	83377	3.0	3.0	3.0	3.0	3.0	1	1	생산/제조	전직원	인천	 0 	False
2015/2/1	한국피자헛(유)	100	2927	80485	3.0	3.0	2.0	3.0	3.0	0	1	서비스/고객지원	전직원	서울	 0 	False
2015/2/25	에스피씨그룹	100	87570	86740	3.0	4.0	2.0	3.0	3.0	1	1	생산관리/품질관리	전직원	서울	 2 	False
2015/2/4	에스피씨그룹	100	87570	81526	3.0	3.0	3.0	2.0	1.0	0	1	디자인	현직원	서울	 7 	False
2015/2/2	(주)한국코퍼레이션	100	63215	80905	2.0	2.0	2.0	2.0	1.0	0	0	IT/인터넷	현직원	서울	 0 	False
2015/2/27	삼성전자(주)	200	30139	87337	3.0	4.0	3.0	1.0	1.0	0	1	경영/기획/컨설팅	현직원	경기	 0 	False
2015/2/26	삼성전자(주)	200	30139	87076	3.0	3.0	2.0	2.0	2.0	0	1	경영/기획/컨설팅	현직원	경기	 0 	False
2015/2/26	삼성전자(주)	200	30139	86951	3.0	4.0	2.0	3.0	2.0	0	1	IT/인터넷	현직원	경기	 0 	True
2015/2/25	삼성전자(주)	200	30139	86710	3.0	5.0	1.0	1.0	1.0	0	0	IT/인터넷	현직원	경기	 0 	False
2015/2/25	삼성전자(주)	200	30139	86637	3.0	4.0	2.0	4.0	2.0	1	1	생산/제조	현직원	경기	 0 	False
2015/2/24	삼성전자(주)	200	30139	86253	2.0	3.0	1.0	2.0	1.0	0	1	디자인	현직원	서울	 0 	False
2015/2/24	삼성전자(주)	200	30139	86117	4.0	5.0	3.0	5.0	4.0	1	1	IT/인터넷	전직원	경기	 0 	False
2015/2/24	삼성전자(주)	200	30139	86109	2.0	5.0	3.0	4.0	2.0	1	1	IT/인터넷	전직원	서울	 0 	False
2015/2/23	삼성전자(주)	200	30139	85686	3.0	5.0	1.0	3.0	2.0	1	1	기타	전직원	경기	 0 	False
2015/2/22	삼성전자(주)	200	30139	85679	4.0	4.0	3.0	4.0	4.0	1	1	경영/기획/컨설팅	현직원	경기	 0 	False
2015/2/22	삼성전자(주)	200	30139	85655	3.0	4.0	1.0	1.0	2.0	1	1	IT/인터넷	현직원	경기	 2 	True
2015/2/22	삼성전자(주)	200	30139	85612	3.0	5.0	1.0	3.0	3.0	1	1	생산/제조	현직원	경기	 0 	False
2015/2/22	삼성전자(주)	200	30139	85583	4.0	5.0	1.0	1.0	2.0	1	1	생산/제조	현직원	경기	 0 	False
2015/2/21	삼성전자(주)	200	30139	85384	5.0	5.0	2.0	4.0	3.0	1	1	전문직	현직원	경북	 0 	False
2015/2/18	삼성전자(주)	200	30139	85144	3.0	4.0	2.0	2.0	2.0	0	1	경영/기획/컨설팅	현직원	서울	 0 	False
2015/2/15	삼성전자(주)	200	30139	84513	3.0	5.0	2.0	3.0	3.0	1	1	기타	현직원	경기	 0 	False
2015/2/15	삼성전자(주)	200	30139	84495	4.0	3.0	3.0	4.0	3.0	1	1	영업/제휴	현직원	충북	 0 	False
2015/2/13	삼성전자(주)	200	30139	84220	4.0	5.0	2.0	4.0	2.0	1	1	IT/인터넷	전직원	경기	 0 	False
2015/2/13	삼성전자(주)	200	30139	84068	4.0	4.0	1.0	3.0	2.0	1	1	기타	현직원	경기	 0 	False
2015/2/11	삼성전자(주)	200	30139	83638	5.0	5.0	1.0	5.0	1.0	1	1	IT/인터넷	현직원	경북	 1 	False
2015/2/9	삼성전자(주)	200	30139	83009	3.0	4.0	2.0	4.0	4.0	1	1	경영/기획/컨설팅	전직원	경기	 0 	False
2015/2/9	삼성전자(주)	200	30139	82925	4.0	5.0	4.0	4.0	2.0	1	1	IT/인터넷	전직원	경기	 0 	False
2015/2/9	삼성전자(주)	200	30139	82901	3.0	4.0	1.0	2.0	2.0	0	1	경영/기획/컨설팅	현직원	경기	 0 	False
2015/2/9	삼성전자(주)	200	30139	82867	3.0	4.0	1.0	2.0	2.0	1	0	연구개발	전직원	경기	 0 	False
2015/2/8	삼성전자(주)	200	30139	82743	3.0	4.0	3.0	3.0	3.0	1	1	IT/인터넷	전직원	서울	 0 	False
2015/2/8	삼성전자(주)	200	30139	82695	3.0	4.0	2.0	4.0	3.0	1	1	경영/기획/컨설팅	현직원	경기	 0 	False
2015/2/8	삼성전자(주)	200	30139	82619	3.0	4.0	2.0	2.0	3.0	0	1	전문직	현직원	경기	 0 	False
2015/2/6	삼성전자(주)	200	30139	82305	4.0	3.0	1.0	4.0	3.0	1	1	IT/인터넷	전직원	경기	 0 	False
2015/2/5	삼성전자(주)	200	30139	81697	4.0	4.0	4.0	4.0	4.0	1	1	생산/제조	현직원	경기	 0 	False
2015/2/4	삼성전자(주)	200	30139	81451	4.0	3.0	1.0	4.0	2.0	1	1	IT/인터넷	현직원	경기	 0 	False
2015/2/4	삼성전자(주)	200	30139	81365	3.0	4.0	1.0	3.0	1.0	0	1	IT/인터넷	현직원	경기	 0 	False
2015/2/3	삼성전자(주)	200	30139	81231	3.0	3.0	2.0	3.0	2.0	1	1	경영/기획/컨설팅	현직원	기타	 0 	False
2015/2/3	삼성전자(주)	200	30139	81087	2.0	2.0	1.0	3.0	2.0	0	1	IT/인터넷	전직원	경기	 0 	False
2015/2/2	삼성전자(주)	200	30139	80938	3.0	5.0	2.0	4.0	4.0	1	1	IT/인터넷	현직원	경기	 0 	False
2015/2/2	삼성전자(주)	200	30139	80711	3.0	4.0	2.0	2.0	2.0	1	1	경영/기획/컨설팅	현직원	경기	 0 	False
2015/2/2	삼성전자(주)	200	30139	80663	3.0	4.0	1.0	1.0	1.0	0	1	기타	현직원	경기	 0 	False
2015/2/1	삼성전자(주)	200	30139	80466	4.0	4.0	1.0	1.0	3.0	1	1	미디어/홍보	현직원	경기	 0 	False
2015/2/28	엘지전자(주)	200	19514	87615	5.0	4.0	5.0	5.0	4.0	1	1	경영/기획/컨설팅	현직원	서울	 0 	False
2015/2/28	엘지전자(주)	200	19514	87598	3.0	3.0	4.0	4.0	3.0	1	1	IT/인터넷	전직원	서울	 0 	False
2015/2/27	엘지전자(주)	200	19514	87405	4.0	4.0	2.0	3.0	3.0	1	1	연구개발	전직원	경남	 0 	False
2015/2/27	엘지전자(주)	200	19514	87376	4.0	2.0	1.0	2.0	2.0	0	0	경영/기획/컨설팅	현직원	서울	 0 	False
2015/2/26	엘지전자(주)	200	19514	87142	4.0	4.0	3.0	4.0	4.0	1	1	경영/기획/컨설팅	현직원	서울	 0 	False
2015/2/26	엘지전자(주)	200	19514	87108	3.0	3.0	3.0	3.0	3.0	0	1	IT/인터넷	현직원	서울	 0 	False
2015/2/26	엘지전자(주)	200	19514	87104	4.0	3.0	2.0	3.0	4.0	1	1	경영/기획/컨설팅	전직원	서울	 0 	False
2015/2/25	엘지전자(주)	200	19514	86468	2.0	4.0	3.0	2.0	2.0	0	1	기타	현직원	서울	 0 	False
2015/2/25	엘지전자(주)	200	19514	86435	3.0	3.0	2.0	2.0	3.0	1	1	IT/인터넷	현직원		 0 	False
2015/2/24	엘지전자(주)	200	19514	86089	2.0	1.0	1.0	3.0	1.0	1	1	IT/인터넷	현직원	서울	 0 	False
2015/2/23	엘지전자(주)	200	19514	85926	4.0	3.0	3.0	2.0	2.0	0	1	생산/제조	현직원	전북	 1 	False
2015/2/23	엘지전자(주)	200	19514	85892	3.0	2.0	1.0	4.0	1.0	0	1	기타	현직원	경기	 0 	False
2015/2/22	엘지전자(주)	200	19514	85610	4.0	3.0	2.0	4.0	3.0	1	1	영업/제휴	전직원	서울	 0 	False
2015/2/22	엘지전자(주)	200	19514	85542	3.0	3.0	2.0	3.0	3.0	0	1	경영/기획/컨설팅	현직원		 0 	False
2015/2/22	엘지전자(주)	200	19514	85531	4.0	4.0	4.0	4.0	2.0	1	1	기타	현직원	서울	 0 	False
2015/2/20	엘지전자(주)	200	19514	85351	3.0	2.0	1.0	2.0	1.0	0	1	IT/인터넷	현직원	경기	 0 	False
2015/2/16	엘지전자(주)	200	19514	84787	3.0	3.0	3.0	3.0	3.0	1	1	생산/제조	전직원	경기	 0 	False
2015/2/16	엘지전자(주)	200	19514	84614	3.0	3.0	3.0	4.0	3.0	0	1	영업/제휴	현직원		 0 	False
2015/2/12	엘지전자(주)	200	19514	84000	3.0	4.0	2.0	4.0	3.0	1	1	IT/인터넷	전직원	서울	 0 	False
2015/2/12	엘지전자(주)	200	19514	83893	3.0	3.0	1.0	2.0	1.0	0	0	생산/제조	현직원	서울	 0 	False
2015/2/10	엘지전자(주)	200	19514	83126	3.0	4.0	3.0	3.0	3.0	1	1	경영/기획/컨설팅	전직원	서울	 0 	False
2015/2/8	엘지전자(주)	200	19514	82661	3.0	3.0	3.0	3.0	3.0	1	1	IT/인터넷	현직원		 0 	False
2015/2/8	엘지전자(주)	200	19514	82597	2.0	2.0	1.0	1.0	1.0	0	1	생산/제조	현직원	서울	 0 	False
2015/2/5	엘지전자(주)	200	19514	82019	3.0	4.0	5.0	4.0	4.0	1	1	IT/인터넷	전직원	서울	 5 	True
2015/2/5	엘지전자(주)	200	19514	81713	2.0	2.0	1.0	3.0	2.0	0	1	IT/인터넷	현직원	서울	 0 	False
2015/2/4	엘지전자(주)	200	19514	81696	4.0	4.0	3.0	3.0	3.0	1	1	생산/제조	전직원	경기	 0 	False
2015/2/4	엘지전자(주)	200	19514	81639	3.0	2.0	1.0	2.0	2.0	0	1	전문직	현직원	경남	 1 	False
2015/2/4	엘지전자(주)	200	19514	81381	2.0	4.0	2.0	2.0	2.0	1	1	경영/기획/컨설팅	전직원	서울	 0 	False
2015/2/3	엘지전자(주)	200	19514	81069	4.0	4.0	3.0	4.0	5.0	1	1	경영/기획/컨설팅	현직원	경남	 0 	False
2015/2/3	엘지전자(주)	200	19514	81022	3.0	2.0	3.0	4.0	2.0	0	1	영업/제휴	현직원	서울	 0 	False
2015/2/2	엘지전자(주)	200	19514	80716	3.0	4.0	4.0	3.0	4.0	1	1	경영/기획/컨설팅	전직원	서울	 0 	False
2015/2/2	엘지전자(주)	200	19514	80691	2.0	3.0	1.0	1.0	1.0	0	0	전문직	전직원	경기	 0 	False
2015/2/2	엘지전자(주)	200	19514	80662	3.0	2.0	1.0	4.0	2.0	0	1	생산/제조	현직원	경기	 0 	False
2015/2/28	엘지디스플레이(주)	200	19527	87558	3.0	3.0	2.0	4.0	2.0	0	1	생산/제조	현직원	경기	 0 	False
2015/2/27	엘지디스플레이(주)	200	19527	87423	3.0	4.0	1.0	3.0	2.0	0	1	경영/기획/컨설팅	전직원	경기	 0 	False
2015/2/26	엘지디스플레이(주)	200	19527	86945	3.0	4.0	3.0	2.0	2.0	1	1	경영/기획/컨설팅	현직원	서울	 0 	False
2015/2/25	엘지디스플레이(주)	200	19527	86720	2.0	5.0	3.0	5.0	4.0	1	1	생산/제조	전직원	경북	 0 	False
2015/2/20	엘지디스플레이(주)	200	19527	85261	3.0	3.0	2.0	3.0	3.0	1	1	기타	전직원	서울	 0 	False
2015/2/18	엘지디스플레이(주)	200	19527	85089	4.0	4.0	2.0	2.0	2.0	0	1	영업/제휴	전직원	경기	 0 	False
2015/2/15	엘지디스플레이(주)	200	19527	84575	2.0	4.0	2.0	3.0	3.0	0	1	생산/제조	현직원	경북	 0 	False
2015/2/10	엘지디스플레이(주)	200	19527	83253	2.0	3.0	1.0	3.0	3.0	0	1	생산/제조	전직원	경북	 0 	False
2015/2/8	엘지디스플레이(주)	200	19527	82685	3.0	4.0	2.0	2.0	2.0	0	1	생산/제조	현직원	경기	 0 	False
2015/2/3	엘지디스플레이(주)	200	19527	81300	3.0	4.0	3.0	4.0	3.0	1	1	생산/제조	현직원	경기	 1 	True
2015/2/3	엘지디스플레이(주)	200	19527	81276	2.0	3.0	1.0	3.0	3.0	0	1	기타	전직원	경북	 1 	True
2015/2/26	현대자동차(주)	200	1289	86825	4.0	5.0	3.0	4.0	4.0	1	1	생산/제조	전직원		 0 	False
2015/2/24	현대자동차(주)	200	1289	86175	3.0	4.0	4.0	4.0	3.0	0	1	생산/제조	현직원	전북	 1 	False
2015/2/23	현대자동차(주)	200	1289	85877	3.0	5.0	2.0	1.0	2.0	0	1	교육	현직원	충남	 1 	False
2015/2/6	현대자동차(주)	200	1289	82081	2.0	5.0	1.0	4.0	4.0	1	1	경영/기획/컨설팅	현직원	서울	 0 	False
2015/2/4	현대자동차(주)	200	1289	81400	5.0	5.0	1.0	4.0	3.0	1	1	경영/기획/컨설팅	전직원	서울	 0 	False
2015/2/1	현대자동차(주)	200	1289	80481	4.0	4.0	1.0	2.0	2.0	1	1	경영/기획/컨설팅	전직원	경기	 0 	False
2015/2/1	현대자동차(주)	200	1289	80440	1.0	5.0	3.0	5.0	2.0	1	1	기타	전직원	경기	 0 	False
2015/2/28	현대중공업(주)	200	1244	87603	3.0	3.0	4.0	3.0	2.0	0	1	기타	전직원	울산	 0 	False
2015/2/28	현대중공업(주)	200	1244	87578	1.0	4.0	3.0	4.0	3.0	1	1	기타	현직원	울산	 0 	False
2015/2/28	현대중공업(주)	200	1244	87458	2.0	2.0	4.0	3.0	1.0	1	1	전문직	전직원	울산	 3 	False
2015/2/26	현대중공업(주)	200	1244	87068	3.0	4.0	3.0	2.0	3.0	1	1	기타	현직원	울산	 0 	False
2015/2/24	현대중공업(주)	200	1244	86321	3.0	3.0	3.0	3.0	3.0	1	1	경영/기획/컨설팅	현직원	서울	 0 	False
2015/2/23	현대중공업(주)	200	1244	85828	3.0	2.0	4.0	2.0	2.0	0	1	경영/기획/컨설팅	전직원	울산	 1 	False
2015/2/21	현대중공업(주)	200	1244	85457	3.0	3.0	2.0	3.0	3.0	0	1	경영/기획/컨설팅	현직원	울산	 0 	False
2015/2/19	현대중공업(주)	200	1244	85245	3.0	3.0	3.0	3.0	2.0	0	1	기타	현직원	울산	 0 	False
2015/2/13	현대중공업(주)	200	1244	84264	4.0	4.0	4.0	4.0	2.0	1	1	경영/기획/컨설팅	전직원	기타	 0 	False
2015/2/7	현대중공업(주)	200	1244	82373	4.0	3.0	3.0	3.0	2.0	1	1	경영/기획/컨설팅	현직원		 0 	False
2015/2/6	현대중공업(주)	200	1244	82267	4.0	3.0	3.0	4.0	2.0	1	1	전문직	전직원	경남	 1 	False
2015/2/6	현대중공업(주)	200	1244	82166	3.0	2.0	3.0	1.0	2.0	0	0	영업/제휴	현직원	서울	 0 	False
2015/2/6	현대중공업(주)	200	1244	82092	2.0	3.0	4.0	2.0	1.0	0	0	엔지니어링	현직원	서울	 0 	False
2015/2/5	현대중공업(주)	200	1244	82042	3.0	2.0	1.0	1.0	1.0	0	0	영업/제휴	현직원	울산	 1 	False
2015/2/5	현대중공업(주)	200	1244	81744	3.0	4.0	3.0	3.0	3.0	0	0	경영/기획/컨설팅	전직원	울산	 1 	False
2015/2/2	현대중공업(주)	200	1244	80904	3.0	3.0	4.0	2.0	2.0	0	1	경영/기획/컨설팅	현직원	울산	 1 	False
2015/2/2	현대중공업(주)	200	1244	80787	4.0	3.0	3.0	2.0	2.0	0	1	생산/제조	현직원	울산	 0 	False
2015/2/28	한국전력공사	200	3150	87525	3.0	2.0	4.0	3.0	2.0	0	1	경영/기획/컨설팅	전직원		 5 	False
2015/2/21	한국전력공사	200	3150	85428	4.0	4.0	4.0	4.0	4.0	1	1	특수계층/공공	전직원	경기	 0 	False
2015/2/4	한국전력공사	200	3150	81549	3.0	2.0	3.0	3.0	2.0	1	1	유통/무역	전직원	기타	 0 	False
2015/2/3	한국전력공사	200	3150	81038	4.0	3.0	5.0	4.0	4.0	1	1	전문직	현직원		 14 	True
2015/2/2	한국전력공사	200	3150	80812	4.0	2.0	4.0	3.0	3.0	1	1	영업/제휴	전직원	경기	 2 	False
2015/2/25	엘지화학(주)	200	63852	86707	3.0	3.0	4.0	3.0	4.0	1	1	생산/제조	전직원	기타	 3 	True
2015/2/24	엘지화학(주)	200	63852	86011	4.0	3.0	5.0	4.0	3.0	1	1	생산/제조	전직원	충북	 1 	False
2015/2/23	엘지화학(주)	200	63852	85949	3.0	2.0	2.0	3.0	2.0	0	1	생산/제조	현직원	충북	 0 	False
2015/2/22	엘지화학(주)	200	63852	85645	3.0	4.0	3.0	3.0	3.0	1	1	생산/제조	현직원	전남	 0 	False
2015/2/15	엘지화학(주)	200	63852	84490	3.0	4.0	2.0	4.0	2.0	0	1	경영/기획/컨설팅	현직원	서울	 0 	False
2015/2/14	엘지화학(주)	200	63852	84354	3.0	3.0	1.0	3.0	3.0	1	1	영업/제휴	현직원		 0 	False
2015/2/2	엘지화학(주)	200	63852	80909	3.0	3.0	4.0	3.0	2.0	0	1	경영/기획/컨설팅	현직원		 1 	False
2015/2/22	삼성중공업(주)	200	30105	85527	2.0	3.0	4.0	2.0	1.0	0	0	경영/기획/컨설팅	현직원	경남	 2 	True
2015/2/21	삼성중공업(주)	200	30105	85465	4.0	4.0	4.0	3.0	2.0	0	1	엔지니어링	전직원	서울	 0 	False
2015/2/18	삼성중공업(주)	200	30105	85105	2.0	3.0	1.0	1.0	1.0	0	0	경영/기획/컨설팅	현직원	경남	 0 	False
2015/2/9	삼성중공업(주)	200	30105	83045	3.0	3.0	1.0	4.0	2.0	0	0	전문직	현직원	경남	 0 	False
2015/2/8	삼성중공업(주)	200	30105	82538	3.0	3.0	3.0	3.0	2.0	0	0	전문직	현직원	경남	 4 	True
2015/2/28	씨제이제일제당(주)	200	23189	87488	4.0	3.0	5.0	5.0	5.0	1	1	경영/기획/컨설팅	현직원	기타	 0 	False
2015/2/26	씨제이제일제당(주)	200	23189	86936	2.0	3.0	1.0	3.0	3.0	0	1	경영/기획/컨설팅	전직원	서울	 0 	False
2015/2/24	씨제이제일제당(주)	200	23189	85991	4.0	2.0	4.0	4.0	3.0	1	1	생산/제조	현직원	서울	 1 	False
2015/2/22	씨제이제일제당(주)	200	23189	85632	3.0	3.0	3.0	3.0	3.0	0	1	경영/기획/컨설팅	현직원	서울	 2 	False
2015/2/15	씨제이제일제당(주)	200	23189	84430	2.0	2.0	2.0	3.0	3.0	1	1	전문직	현직원	서울	 0 	False
2015/2/11	씨제이제일제당(주)	200	23189	83432	3.0	2.0	2.0	3.0	2.0	1	1	경영/기획/컨설팅	현직원	서울	 7 	True
2015/2/10	씨제이제일제당(주)	200	23189	83165	4.0	4.0	2.0	4.0	2.0	0	0	경영/기획/컨설팅	전직원	서울	 5 	False
2015/2/8	씨제이제일제당(주)	200	23189	82688	3.0	3.0	3.0	3.0	3.0	0	1	생산/제조	현직원	부산	 0 	False
2015/2/6	씨제이제일제당(주)	200	23189	82115	3.0	2.0	2.0	3.0	3.0	1	1	교육	전직원	서울	 0 	False
2015/2/22	포스코(주)	200	50130	85663	4.0	4.0	4.0	4.0	4.0	1	1	생산/제조	현직원	경북	 0 	False
2015/2/22	포스코(주)	200	50130	85618	3.0	4.0	5.0	5.0	3.0	1	1	생산/제조	전직원	경북	 6 	True
2015/2/19	포스코(주)	200	50130	85243	3.0	3.0	3.0	3.0	3.0	1	1	기타	전직원	서울	 2 	False
2015/2/11	포스코(주)	200	50130	83468	3.0	4.0	4.0	3.0	4.0	1	1	경영/기획/컨설팅	현직원	경북	 0 	False
2015/2/6	포스코(주)	200	50130	82205	2.0	3.0	2.0	4.0	4.0	1	1	기타	현직원	서울	 0 	False
2015/2/2	포스코(주)	200	50130	80914	3.0	3.0	3.0	3.0	3.0	1	1	경영/기획/컨설팅	전직원	서울	 0 	False
2015/2/23	에스케이하이닉스(주)	200	20561	85845	4.0	5.0	3.0	5.0	5.0	1	1	생산/제조	전직원	경기	 0 	False
2015/2/22	에스케이하이닉스(주)	200	20561	85517	3.0	4.0	3.0	4.0	3.0	1	1	생산/제조	현직원	경기	 0 	False
2015/2/21	에스케이하이닉스(주)	200	20561	85478	2.0	4.0	2.0	2.0	2.0	0	1	생산/제조	현직원	경기	 0 	False
2015/2/15	에스케이하이닉스(주)	200	20561	84428	3.0	4.0	4.0	4.0	3.0	1	1	IT/인터넷	현직원	경기	 0 	False
2015/2/28	대우조선해양(주)	200	39528	87599	3.0	4.0	3.0	3.0	2.0	0	1	경영/기획/컨설팅	현직원	경남	 0 	False
2015/2/28	대우조선해양(주)	200	39528	87486	3.0	4.0	3.0	5.0	3.0	1	1	생산/제조	전직원		 1 	False
2015/2/11	대우조선해양(주)	200	39528	83667	3.0	4.0	3.0	5.0	3.0	1	1	전문직	현직원	경남	 0 	False
2015/2/26	엘지이노텍(주)	200	19516	86780	3.0	3.0	5.0	4.0	4.0	1	1	기타	현직원	경북	 2 	False
2015/2/22	엘지이노텍(주)	200	19516	85566	4.0	4.0	3.0	4.0	3.0	1	1	경영/기획/컨설팅	현직원	기타	 0 	False
2015/2/8	엘지이노텍(주)	200	19516	82711	3.0	3.0	4.0	4.0	3.0	1	1	경영/기획/컨설팅	현직원	서울	 0 	False
2015/2/6	엘지이노텍(주)	200	19516	82123	1.0	2.0	1.0	1.0	3.0	0	1	연구개발	현직원	경기	 0 	False
2015/2/2	엘지이노텍(주)	200	19516	80942	4.0	4.0	3.0	3.0	5.0	1	1	인사/총무	현직원	서울	 0 	False
2015/2/23	케이씨씨(주)	200	53607	85720	3.0	3.0	2.0	3.0	3.0	0	1	전문직	현직원	경기	 0 	False
2015/2/22	케이씨씨(주)	200	53607	85564	2.0	2.0	2.0	2.0	2.0	1	1	영업/제휴	현직원	서울	 0 	False
2015/2/17	케이씨씨(주)	200	53607	84843	3.0	3.0	3.0	3.0	3.0	1	1	생산/제조	전직원	경기	 0 	False
2015/2/15	케이씨씨(주)	200	53607	84468	3.0	3.0	3.0	3.0	3.0	0	1	생산/제조	현직원	전북	 0 	False
2015/2/14	케이씨씨(주)	200	53607	84326	3.0	2.0	3.0	2.0	1.0	0	1	경영/기획/컨설팅	현직원	서울	 0 	False
2015/2/8	케이씨씨(주)	200	53607	82551	2.0	3.0	3.0	2.0	2.0	0	1	경영/기획/컨설팅	현직원	서울	 0 	False
2015/2/6	케이씨씨(주)	200	53607	82319	2.0	3.0	2.0	3.0	2.0	0	1	경영/기획/컨설팅	현직원	서울	 0 	False
2015/2/4	케이씨씨(주)	200	53607	81691	3.0	3.0	1.0	2.0	3.0	0	1	영업/제휴	현직원	대전	 0 	False
2015/2/3	케이씨씨(주)	200	53607	80982	2.0	2.0	1.0	2.0	2.0	0	0	기타	현직원	전북	 1 	False
2015/2/23	이랜드월드(주)	200	59123	85927	3.0	4.0	2.0	3.0	3.0	1	1	디자인	전직원	서울	 0 	False
2015/2/21	이랜드월드(주)	200	59123	85452	3.0	2.0	2.0	3.0	3.0	0	1	경영/기획/컨설팅	전직원	서울	 0 	False
2015/2/18	이랜드월드(주)	200	59123	85054	1.0	1.0	1.0	1.0	1.0	0	1	디자인	현직원	서울	 0 	False
2015/2/11	이랜드월드(주)	200	59123	83684	2.0	3.0	3.0	2.0	2.0	0	1	경영/기획/컨설팅	전직원	서울	 1 	False
2015/2/28	아모레퍼시픽(주)	200	68464	87620	3.0	3.0	4.0	4.0	3.0	1	1	경영/기획/컨설팅	전직원	서울	 1 	False
2015/2/27	아모레퍼시픽(주)	200	68464	87291	3.0	2.0	1.0	1.0	2.0	0	1	경영/기획/컨설팅	현직원	서울	 2 	False
2015/2/23	아모레퍼시픽(주)	200	68464	85736	5.0	2.0	3.0	3.0	1.0	1	1	경영/기획/컨설팅	현직원	서울	 1 	False
2015/2/20	아모레퍼시픽(주)	200	68464	85309	2.0	2.0	1.0	1.0	1.0	0	1	생산/제조	현직원	경기	 1 	False
2015/2/16	아모레퍼시픽(주)	200	68464	84705	2.0	3.0	3.0	3.0	3.0	0	1	생산/제조	전직원	경기	 1 	False
2015/2/14	아모레퍼시픽(주)	200	68464	84364	2.0	2.0	4.0	4.0	2.0	0	1	인사/총무	전직원	서울	 5 	True
2015/2/13	아모레퍼시픽(주)	200	68464	84248	3.0	3.0	4.0	4.0	4.0	1	1	경영/기획/컨설팅	현직원	서울	 2 	False
2015/2/28	삼성에스디아이(주)	200	30163	87469	2.0	4.0	2.0	2.0	4.0	0	1	전문직	전직원	충남	 1 	False
2015/2/27	삼성에스디아이(주)	200	30163	87251	3.0	3.0	2.0	3.0	2.0	0	1	전문직	현직원	경기	 0 	False
2015/2/25	삼성에스디아이(주)	200	30163	86752	2.0	2.0	2.0	2.0	1.0	0	0	영업/제휴	현직원	경기	 1 	False
2015/2/16	삼성에스디아이(주)	200	30163	84617	3.0	2.0	1.0	1.0	1.0	0	0	생산/제조	현직원	울산	 1 	False
2015/2/6	삼성에스디아이(주)	200	30163	82292	3.0	3.0	1.0	3.0	1.0	0	1	생산/제조	현직원	경북	 2 	False
2015/2/4	삼성에스디아이(주)	200	30163	81372	2.0	1.0	1.0	2.0	2.0	0	1	전문직	현직원	전남	 6 	False
2015/2/22	현대모비스(주)	200	1415	85603	3.0	5.0	3.0	1.0	1.0	1	1	전문직	현직원	경기	 0 	False
2015/2/17	현대모비스(주)	200	1415	84876	4.0	4.0	4.0	4.0	3.0	1	1	생산/제조	현직원	서울	 5 	False
2015/2/15	현대모비스(주)	200	1415	84499	3.0	5.0	2.0	2.0	3.0	0	1	경영/기획/컨설팅	현직원	경기	 2 	False
2015/2/6	현대모비스(주)	200	1415	82252	3.0	3.0	1.0	3.0	3.0	1	1	생산/제조	현직원	기타	 1 	False
2015/2/6	현대모비스(주)	200	1415	82104	2.0	4.0	2.0	2.0	2.0	0	1	생산/제조	전직원		 8 	False
2015/2/3	현대모비스(주)	200	1415	81283	3.0	5.0	5.0	5.0	4.0	1	1	IT/인터넷	현직원	경기	 0 	False
2015/2/2	현대모비스(주)	200	1415	80692	3.0	4.0	4.0	4.0	4.0	1	1	생산/제조	현직원	경기	 1 	False
2015/2/2	현대모비스(주)	200	1415	80651	5.0	5.0	5.0	5.0	5.0	1	1	전문직	현직원	경기	 1 	False
2015/2/25	삼성디스플레이(주)	200	30228	86757	3.0	4.0	1.0	1.0	3.0	0	1	경영/기획/컨설팅	현직원	충남	 0 	False
2015/2/24	삼성디스플레이(주)	200	30228	86303	3.0	4.0	3.0	4.0	2.0	1	1	생산/제조	현직원	경기	 0 	False
2015/2/15	삼성디스플레이(주)	200	30228	84469	3.0	4.0	3.0	4.0	4.0	1	1	경영/기획/컨설팅	현직원	충남	 2 	True
2015/2/12	삼성디스플레이(주)	200	30228	83826	2.0	4.0	1.0	3.0	3.0	0	1	생산/제조	현직원		 0 	False
2015/2/9	삼성디스플레이(주)	200	30228	82991	3.0	4.0	3.0	4.0	3.0	1	1	생산/제조	현직원	충북	 0 	False
2015/2/25	삼성엔지니어링(주)	200	30156	86622	4.0	4.0	1.0	4.0	2.0	0	1	서비스/고객지원	전직원	기타	 0 	False
2015/2/24	삼성엔지니어링(주)	200	30156	85990	3.0	4.0	4.0	3.0	3.0	0	0	경영/기획/컨설팅	전직원	서울	 0 	False
2015/2/23	삼성엔지니어링(주)	200	30156	85977	3.0	4.0	3.0	5.0	3.0	0	1	엔지니어링	현직원	서울	 0 	False
2015/2/23	삼성엔지니어링(주)	200	30156	85938	3.0	5.0	1.0	2.0	2.0	0	1	엔지니어링	전직원	충남	 0 	False
2015/2/15	삼성엔지니어링(주)	200	30156	84474	3.0	3.0	1.0	4.0	2.0	0	1	엔지니어링	현직원	서울	 2 	True
2015/2/12	삼성엔지니어링(주)	200	30156	83929	4.0	5.0	2.0	4.0	2.0	0	1	영업/제휴	현직원	서울	 1 	False
2015/2/8	삼성엔지니어링(주)	200	30156	82552	4.0	5.0	1.0	3.0	2.0	1	1	엔지니어링	현직원	기타	 0 	False
2015/2/26	두산중공업(주)	200	36828	87051	4.0	4.0	3.0	3.0	2.0	1	1	전문직	전직원	대전	 0 	False
2015/2/26	두산중공업(주)	200	36828	86866	2.0	4.0	4.0	4.0	2.0	1	1	전문직	전직원	경남	 0 	False
2015/2/26	두산중공업(주)	200	36828	86772	4.0	4.0	2.0	4.0	4.0	1	1	경영/기획/컨설팅	현직원	경남	 0 	False
2015/2/25	두산중공업(주)	200	36828	86411	5.0	5.0	3.0	5.0	4.0	1	1	경영/기획/컨설팅	전직원	경남	 0 	False
2015/2/22	두산중공업(주)	200	36828	85634	3.0	4.0	4.0	3.0	3.0	1	1	경영/기획/컨설팅	현직원	서울	 6 	True
2015/2/9	두산중공업(주)	200	36828	83028	2.0	3.0	2.0	3.0	1.0	0	1	경영/기획/컨설팅	현직원	서울	 0 	False
2015/2/7	두산중공업(주)	200	36828	82460	4.0	4.0	3.0	2.0	4.0	1	1	경영/기획/컨설팅	현직원	서울	 0 	False
2015/2/4	두산중공업(주)	200	36828	81487	3.0	3.0	4.0	3.0	2.0	0	0	경영/기획/컨설팅	전직원	서울	 0 	False
2015/2/1	두산인프라코어(주)	200	36832	80494	4.0	4.0	4.0	5.0	4.0	1	1	경영/기획/컨설팅	전직원	서울	 1 	True
2015/2/1	두산인프라코어(주)	200	36832	80493	4.0	4.0	4.0	5.0	4.0	1	1	경영/기획/컨설팅	전직원	서울	 1 	False
2015/2/1	두산인프라코어(주)	200	36832	80480	3.0	3.0	4.0	4.0	3.0	1	1	경영/기획/컨설팅	현직원	서울	 1 	False
2015/2/28	삼성전기(주)	200	30141	87485	3.0	3.0	2.0	3.0	2.0	0	1	연구개발	전직원	경기	 1 	False
2015/2/20	삼성전기(주)	200	30141	85293	3.0	3.0	5.0	4.0	4.0	1	1	전문직	현직원	경기	 0 	False
2015/2/15	삼성전기(주)	200	30141	84528	3.0	3.0	3.0	3.0	3.0	1	1	기타	전직원	부산	 0 	False
2015/2/11	엘지생활건강(주)	200	63861	83668	3.0	4.0	3.0	3.0	3.0	0	1	생산/제조	전직원		 0 	False
2015/2/5	엘지생활건강(주)	200	63861	81981	3.0	3.0	4.0	3.0	3.0	1	1	경영/기획/컨설팅	현직원	대전	 0 	False
2015/2/3	엘지생활건강(주)	200	63861	81007	4.0	2.0	4.0	3.0	2.0	0	1	경영/기획/컨설팅	전직원	서울	 0 	False
2015/2/26	현대제철(주)	200	1269	86927	1.0	5.0	4.0	3.0	2.0	0	0	경영/기획/컨설팅	현직원	인천	 2 	False
2015/2/18	현대제철(주)	200	1269	85066	3.0	4.0	3.0	2.0	4.0	1	1	경영/기획/컨설팅	현직원	서울	 11 	True
2015/2/9	현대제철(주)	200	1269	82750	2.0	5.0	1.0	1.0	1.0	0	1	생산/제조	현직원	충남	 1 	False
2015/2/27	(주)효성	200	47126	87417	4.0	3.0	2.0	3.0	3.0	1	1	전문직	전직원	경기	 0 	False
2015/2/27	(주)효성	200	47126	87152	3.0	3.0	3.0	3.0	3.0	1	1	경영/기획/컨설팅	전직원	서울	 0 	False
2015/2/26	(주)효성	200	47126	87040	3.0	2.0	2.0	3.0	3.0	1	1	유통/무역	전직원		 0 	False
2015/2/20	(주)효성	200	47126	85352	2.0	3.0	2.0	2.0	2.0	0	0	디자인	전직원	서울	 1 	False
2015/2/20	(주)와이지-원	200	61825	85277	4.0	1.0	1.0	2.0	1.0	0	1	유통/무역	현직원	인천	 2 	False
2015/2/17	(주)와이지-원	200	61825	84851	4.0	2.0	1.0	2.0	2.0	0	1	영업/제휴	전직원	인천	 1 	False
2015/2/10	(주)와이지-원	200	61825	83374	3.0	2.0	1.0	3.0	3.0	0	1	전문직	현직원	인천	 0 	False
2015/2/25	한국수력원자력(주)	200	3464	86577	4.0	3.0	3.0	3.0	1.0	0	1	기타	현직원	경북	 0 	False
2015/2/11	(주)동원에프앤비	200	80630	83406	3.0	3.0	3.0	3.0	3.0	1	1	경영/기획/컨설팅	현직원	서울	 0 	False
2015/2/23	팬택(주)	200	50349	85788	2.0	3.0	3.0	1.0	2.0	0	0	IT/인터넷	전직원	서울	 0 	False
2015/2/20	팬택(주)	200	50349	85334	3.0	3.0	5.0	4.0	2.0	1	1	경영/기획/컨설팅	현직원	경기	 0 	False
2015/2/10	팬택(주)	200	50349	83328	3.0	2.0	1.0	1.0	1.0	0	0	경영/기획/컨설팅	전직원	서울	 0 	False
2015/2/9	팬택(주)	200	50349	83083	3.0	3.0	3.0	3.0	3.0	0	0	IT/인터넷	전직원	서울	 0 	False
2015/2/7	팬택(주)	200	50349	82361	3.0	3.0	4.0	4.0	2.0	0	1	생산/제조	현직원	경기	 0 	False
2015/2/3	팬택(주)	200	50349	81272	2.0	2.0	2.0	3.0	3.0	0	0	서비스/고객지원	전직원	서울	 0 	False
2015/2/3	팬택(주)	200	50349	81085	3.0	3.0	4.0	3.0	2.0	1	1	IT/인터넷	현직원	서울	 0 	False
2015/2/3	팬택(주)	200	50349	81061	4.0	4.0	4.0	5.0	2.0	0	1	IT/인터넷	현직원	서울	 0 	False
2015/2/3	팬택(주)	200	50349	80974	2.0	1.0	1.0	1.0	1.0	0	0	IT/인터넷	전직원	서울	 0 	False
2015/2/1	팬택(주)	200	50349	80484	4.0	2.0	4.0	3.0	2.0	0	0	IT/인터넷	현직원	서울	 0 	False
2015/2/14	한솔섬유(주)	200	2447	84381	2.0	3.0	1.0	3.0	3.0	0	1	유통/무역	현직원	서울	 0 	False
2015/2/5	한솔섬유(주)	200	2447	81987	3.0	2.0	1.0	3.0	1.0	0	1	경영/기획/컨설팅	현직원	서울	 1 	False
2015/2/12	바디프랜드(주)	200	76364	83772	4.0	2.0	1.0	1.0	2.0	0	1	기타	현직원	서울	 17 	False
2015/2/26	(주)유라코퍼레이션	200	60172	86785	5.0	3.0	3.0	3.0	2.0	1	1	생산/제조	전직원	경기	 0 	False
2015/2/22	(주)유라코퍼레이션	200	60172	85649	3.0	4.0	3.0	3.0	2.0	1	1	경영/기획/컨설팅	전직원	경기	 0 	False
2015/2/4	(주)유라코퍼레이션	200	60172	81668	3.0	3.0	3.0	3.0	3.0	0	1	영업/제휴	전직원	경북	 0 	False
2015/2/26	앰코테크놀로지코리아(주)	200	21433	86870	3.0	3.0	3.0	3.0	3.0	1	1	경영/기획/컨설팅	전직원	서울	 0 	False
2015/2/12	앰코테크놀로지코리아(주)	200	21433	84011	3.0	2.0	4.0	3.0	2.0	1	1	경영/기획/컨설팅	현직원	서울	 1 	False
2015/2/9	앰코테크놀로지코리아(주)	200	21433	83059	3.0	2.0	3.0	2.0	2.0	0	1	경영/기획/컨설팅	전직원	서울	 0 	False
2015/2/24	오뚜기(주)	200	62643	86190	3.0	3.0	1.0	2.0	2.0	0	1	영업/제휴	현직원	서울	 2 	False
2015/2/3	오뚜기(주)	200	62643	81205	5.0	2.0	1.0	1.0	2.0	0	1	영업/제휴	현직원	서울	 0 	False
2015/2/3	오뚜기(주)	200	62643	80980	2.0	2.0	1.0	2.0	1.0	0	1	영업/제휴	전직원	서울	 3 	False
2015/2/25	한세실업(주)	200	2474	86590	3.0	3.0	3.0	2.0	2.0	0	1	영업/제휴	전직원	서울	 4 	False
2015/2/25	오스템임플란트(주)	200	17668	86621	4.0	1.0	3.0	3.0	1.0	0	1	IT/인터넷	전직원	서울	 4 	False
2015/2/25	오스템임플란트(주)	200	17668	86515	3.0	2.0	3.0	2.0	2.0	1	1	IT/인터넷	전직원	서울	 1 	False
2015/2/23	오스템임플란트(주)	200	17668	85976	3.0	2.0	3.0	4.0	2.0	0	1	경영/기획/컨설팅	현직원	서울	 0 	False
2015/2/17	오스템임플란트(주)	200	17668	84963	3.0	3.0	3.0	3.0	3.0	1	1	IT/인터넷	현직원	서울	 2 	False
2015/2/11	오스템임플란트(주)	200	17668	83509	1.0	1.0	1.0	1.0	1.0	0	0	IT/인터넷	전직원	서울	 0 	False
2015/2/10	오스템임플란트(주)	200	17668	83360	1.0	1.0	1.0	1.0	1.0	0	1	경영/기획/컨설팅	현직원	서울	 1 	False
2015/2/8	오스템임플란트(주)	200	17668	82614	3.0	2.0	1.0	2.0	2.0	0	1	생산/제조	현직원	서울	 0 	False
2015/2/15	한국콜마(주)	200	3021	84578	1.0	2.0	3.0	1.0	2.0	0	1	경영/기획/컨설팅	현직원	서울	 3 	False
2015/2/3	한국콜마(주)	200	3021	81119	4.0	4.0	2.0	3.0	3.0	0	1	영업/제휴	현직원	서울	 0 	False
2015/2/26	세아상역(주)	200	26708	87037	3.0	4.0	1.0	4.0	3.0	0	1	영업/제휴	전직원	서울	 0 	False
2015/2/3	세아상역(주)	200	26708	81325	4.0	5.0	3.0	4.0	3.0	1	1	유통/무역	현직원	서울	 0 	False
2015/2/15	한국후지제록스(주)	200	2880	84588	3.0	2.0	3.0	2.0	2.0	0	1	영업/제휴	전직원	서울	 1 	False
2015/2/24	한국타이어(주)	200	3004	86331	4.0	3.0	4.0	4.0	3.0	1	1	생산/제조	현직원		 0 	False
2015/2/1	한국타이어(주)	200	3004	80549	4.0	3.0	3.0	5.0	2.0	0	1	기타	현직원	대전	 0 	False
2015/2/14	코웨이(주)	200	7124	84329	4.0	4.0	4.0	5.0	5.0	1	1	생산/제조	현직원	충남	 1 	False
2015/2/23	(주)엘에프	200	63854	85936	4.0	4.0	4.0	4.0	3.0	1	1	경영/기획/컨설팅	현직원	서울	 3 	False
2015/2/16	(주)엘에프	200	63854	84651	4.0	3.0	3.0	3.0	2.0	1	1	IT/인터넷	현직원	서울	 2 	False
2015/2/25	에스엘(주)	200	20826	86737	4.0	5.0	2.0	3.0	3.0	1	1	생산/제조	전직원	경기	 8 	True
2015/2/19	에스엘(주)	200	20826	85221	3.0	3.0	2.0	4.0	3.0	0	1	생산/제조	현직원	대구	 0 	False
2015/2/14	한국수자원공사	200	88992	84401	2.0	4.0	3.0	2.0	3.0	1	1	엔지니어링	전직원	대전	 0 	False
2015/2/19	금호타이어(주)	200	86729	85228	3.0	4.0	4.0	4.0	4.0	1	1	경영/기획/컨설팅	현직원	경기	 2 	False
2015/2/3	금호타이어(주)	200	86729	81221	3.0	3.0	1.0	1.0	2.0	0	1	영업/제휴	현직원		 10 	False
2015/2/1	금호타이어(주)	200	86729	80444	3.0	3.0	3.0	2.0	1.0	0	0	영업/제휴	현직원	서울	 0 	False
2015/2/27	오비맥주(주)	200	17783	87263	3.0	4.0	1.0	3.0	3.0	1	1	영업/제휴	전직원	서울	 1 	False
2015/2/11	코스맥스(주)	200	7230	83610	2.0	2.0	1.0	1.0	2.0	0	1	경영/기획/컨설팅	전직원	경기	 3 	False
2015/2/7	코스맥스(주)	200	7230	82506	1.0	1.0	1.0	1.0	1.0	0	1	전문직	전직원	경기	 5 	False
2015/2/3	코스맥스(주)	200	7230	81293	4.0	4.0	1.0	2.0	3.0	0	1	경영/기획/컨설팅	현직원	경기	 2 	False
2015/2/1	코스맥스(주)	200	7230	80605	4.0	2.0	1.0	1.0	2.0	0	1	경영/기획/컨설팅	현직원	경기	 5 	False
2015/2/22	샘표식품(주)	200	28870	85544	4.0	1.0	4.0	4.0	4.0	1	1	경영/기획/컨설팅	현직원	서울	 1 	False
2015/2/21	샘표식품(주)	200	28870	85471	3.0	2.0	4.0	4.0	3.0	1	1	마케팅/시장조사	전직원	서울	 0 	False
2015/2/3	샘표식품(주)	200	28870	81278	2.0	2.0	2.0	3.0	2.0	0	0	영업/제휴	현직원	기타	 0 	False
2015/2/26	한국로버트보쉬(주)	200	3644	87099	3.0	2.0	4.0	4.0	4.0	0	1	영업/제휴	전직원	경기	 0 	False
2015/2/26	한국로버트보쉬(주)	200	3644	86925	5.0	4.0	5.0	4.0	4.0	1	1	영업/제휴	현직원	경기	 0 	False
2015/2/9	한국로버트보쉬(주)	200	3644	82908	4.0	4.0	3.0	4.0	4.0	1	1	영업/제휴	전직원	경기	 0 	False
2015/2/4	한국로버트보쉬(주)	200	3644	81653	3.0	4.0	5.0	4.0	4.0	1	1	경영/기획/컨설팅	현직원		 0 	False
2015/2/24	보령메디앙스(주)	200	32159	86027	2.0	3.0	4.0	3.0	2.0	0	1	유통/무역	전직원	서울	 1 	False
2015/2/2	보령메디앙스(주)	200	32159	80892	2.0	2.0	3.0	3.0	3.0	0	1	유통/무역	현직원	서울	 1 	False
2015/2/13	캐논코리아비즈니스솔루션(주)	200	7947	84112	3.0	2.0	2.0	2.0	2.0	0	0	경영/기획/컨설팅	전직원	서울	 0 	False
2015/2/19	르노삼성자동차(주)	200	35566	85206	4.0	3.0	3.0	4.0	2.0	0	1	경영/기획/컨설팅	전직원	서울	 0 	False
2015/2/10	르노삼성자동차(주)	200	35566	83370	4.0	3.0	4.0	4.0	2.0	0	0	경영/기획/컨설팅	전직원	서울	 0 	False
2015/2/1	르노삼성자동차(주)	200	35566	80442	3.0	2.0	2.0	2.0	2.0	0	1	경영/기획/컨설팅	현직원	서울	 2 	False
2015/2/26	남양유업(주)	200	42466	86794	1.0	4.0	1.0	3.0	2.0	0	1	영업/제휴	전직원	서울	 0 	False
2015/2/13	남양유업(주)	200	42466	84074	5.0	5.0	5.0	5.0	5.0	1	1	인사/총무	현직원	서울	 1 	False
2015/2/10	남양유업(주)	200	42466	83260	2.0	3.0	1.0	2.0	1.0	0	0	영업/제휴	현직원	서울	 3 	False
2015/2/8	남양유업(주)	200	42466	82694	3.0	3.0	2.0	2.0	2.0	0	1	경영/기획/컨설팅	현직원	충남	 0 	False
2015/2/5	남양유업(주)	200	42466	81786	3.0	3.0	1.0	1.0	1.0	0	1	생산관리/품질관리	현직원	세종	 0 	False
2015/2/3	남양유업(주)	200	42466	81317	3.0	3.0	2.0	2.0	3.0	0	0	IT/인터넷	전직원	서울	 1 	False
2015/2/17	현대위아(주)	200	1302	84845	3.0	5.0	1.0	1.0	1.0	0	1	경영/기획/컨설팅	현직원	경남	 3 	False
2015/2/7	현대위아(주)	200	1302	82454	5.0	5.0	5.0	4.0	4.0	0	1	기타	현직원	경기	 0 	False
2015/2/27	청호나이스(주)	200	8319	87382	3.0	3.0	2.0	2.0	3.0	0	1	경영/기획/컨설팅	현직원	서울	 3 	False
2015/2/24	한화테크윈(주)	200	30082	86297	3.0	3.0	4.0	3.0	2.0	1	1	생산/제조	현직원	경기	 0 	False
2015/2/14	한화테크윈(주)	200	30082	84368	3.0	2.0	4.0	3.0	2.0	0	0	전문직	현직원	경기	 0 	False
2015/2/13	한화테크윈(주)	200	30082	84063	3.0	4.0	2.0	3.0	1.0	0	1	연구개발	전직원	경기	 0 	False
2015/2/11	한화테크윈(주)	200	30082	83616	2.0	3.0	1.0	1.0	2.0	0	1	영업/제휴	전직원	경기	 0 	False
2015/2/19	에스케이케미칼(주)	200	20581	85164	3.0	3.0	2.0	4.0	3.0	1	1	경영/기획/컨설팅	현직원	경기	 4 	False
2015/2/13	에스케이케미칼(주)	200	20581	84261	3.0	4.0	4.0	3.0	2.0	0	0	전문직	현직원	경기	 0 	False
2015/2/3	동우화인켐(주)	200	37366	81084	4.0	5.0	4.0	4.0	4.0	0	1	경영/기획/컨설팅	현직원		 3 	True
2015/2/22	롯데제과(주)	200	35656	85662	4.0	3.0	1.0	2.0	2.0	0	1	기타	전직원	서울	 1 	False
2015/2/11	롯데제과(주)	200	35656	83697	3.0	2.0	2.0	3.0	2.0	0	1	경영/기획/컨설팅	현직원		 0 	False
2015/2/11	롯데제과(주)	200	35656	83606	4.0	2.0	1.0	2.0	2.0	0	1	경영/기획/컨설팅	현직원	서울	 4 	False
2015/2/10	롯데제과(주)	200	35656	83362	3.0	2.0	2.0	3.0	1.0	0	1	경영/기획/컨설팅	현직원	서울	 2 	False
2015/2/25	동부대우전자(주)	200	37939	86726	4.0	1.0	2.0	2.0	1.0	0	1	유통/무역	현직원	서울	 0 	False
2015/2/25	동부대우전자(주)	200	37939	86712	2.0	1.0	4.0	1.0	2.0	0	1	영업/제휴	현직원	서울	 0 	False
2015/2/17	동부대우전자(주)	200	37939	84858	4.0	2.0	1.0	1.0	1.0	0	0	연구개발	전직원	인천	 1 	False
2015/2/13	동부대우전자(주)	200	37939	84070	2.0	2.0	2.0	2.0	2.0	0	0	전문직	현직원	인천	 0 	False
2015/2/12	동부대우전자(주)	200	37939	83979	2.0	3.0	2.0	1.0	2.0	0	0	전문직	현직원	인천	 0 	False
2015/2/12	동부대우전자(주)	200	37939	83816	2.0	3.0	1.0	2.0	2.0	0	1	디자인	전직원	서울	 1 	False
2015/2/11	동부대우전자(주)	200	37939	83678	2.0	2.0	2.0	2.0	2.0	0	1	기타	전직원	인천	 0 	False
2015/2/8	동부대우전자(주)	200	37939	82701	3.0	2.0	4.0	4.0	2.0	1	1	전문직	현직원	인천	 0 	False
2015/2/27	(주)휴맥스	200	47033	87411	3.0	3.0	5.0	4.0	1.0	0	1	전문직	전직원	경기	 0 	False
2015/2/25	(주)휴맥스	200	47033	86664	3.0	3.0	2.0	3.0	2.0	0	1	IT/인터넷	전직원	경기	 1 	False
2015/2/7	(주)휴맥스	200	47033	82351	2.0	2.0	2.0	4.0	3.0	0	1	IT/인터넷	현직원	경기	 1 	False
2015/2/6	(주)휴맥스	200	47033	82261	4.0	4.0	3.0	4.0	4.0	1	1	IT/인터넷	전직원	경기	 1 	False
2015/2/5	(주)휴맥스	200	47033	81773	2.0	2.0	3.0	3.0	2.0	0	1	생산/제조	현직원	경기	 1 	False
2015/2/6	한국단자공업(주)	200	3677	82062	3.0	2.0	2.0	5.0	2.0	1	1	경영/기획/컨설팅	전직원	인천	 1 	False
2015/2/18	(주)동진쎄미켐	200	80523	85044	4.0	3.0	2.0	4.0	3.0	1	1	기타	현직원	경기	 2 	False
2015/2/9	(주)동진쎄미켐	200	80523	83077	3.0	3.0	3.0	3.0	2.0	0	1	경영/기획/컨설팅	현직원		 3 	False
2015/2/8	(주)동진쎄미켐	200	80523	82718	3.0	4.0	3.0	3.0	3.0	1	1	경영/기획/컨설팅	전직원		 1 	False
2015/2/16	(주)신도리코	200	70219	84714	3.0	4.0	4.0	4.0	4.0	1	1	경영/기획/컨설팅	전직원	서울	 0 	False
2015/2/10	(주)신도리코	200	70219	83116	3.0	2.0	5.0	4.0	3.0	1	1	IT/인터넷	현직원	서울	 1 	False
2015/2/9	(주)신도리코	200	70219	82827	4.0	3.0	4.0	3.0	3.0	1	1	IT/인터넷	현직원	서울	 0 	False
2015/2/26	대상(주)	200	40114	86813	3.0	3.0	4.0	4.0	3.0	0	1	경영/기획/컨설팅	전직원	서울	 0 	False
2015/2/24	대상(주)	200	40114	86347	3.0	2.0	4.0	3.0	2.0	1	1	영업/제휴	전직원	서울	 0 	False
2015/2/16	대상(주)	200	40114	84620	3.0	2.0	3.0	3.0	3.0	0	1	영업/제휴	전직원		 0 	False
2015/2/2	대상(주)	200	40114	80653	4.0	3.0	5.0	3.0	3.0	1	1	영업/제휴	현직원	대구	 6 	False
2015/2/23	(주)퍼시스	200	50318	85761	5.0	5.0	5.0	5.0	5.0	1	1	기타	현직원	서울	 1 	False
2015/2/16	(주)퍼시스	200	50318	84629	2.0	1.0	4.0	3.0	3.0	0	1	디자인	전직원	서울	 2 	False
2015/2/14	(주)퍼시스	200	50318	84340	2.0	1.0	4.0	4.0	2.0	0	1	IT/인터넷	전직원	서울	 2 	False
2015/2/27	에이에스이코리아(주)	200	20275	87261	3.0	5.0	2.0	3.0	2.0	1	0	생산/제조	전직원	경기	 0 	False
2015/2/12	에이에스이코리아(주)	200	20275	83894	2.0	2.0	5.0	5.0	1.0	0	0	경영/기획/컨설팅	현직원	경기	 7 	False
2015/2/24	신성통상(주)	200	24570	86355	2.0	2.0	2.0	3.0	3.0	0	1	유통/무역	현직원		 1 	False
2015/2/14	신성통상(주)	200	24570	84397	4.0	3.0	3.0	4.0	4.0	1	1	경영/기획/컨설팅	현직원	서울	 1 	False
2015/2/12	엘에스엠트론(주)	200	19564	83958	3.0	3.0	3.0	3.0	3.0	0	1	생산/제조	현직원	전북	 0 	False
2015/2/12	엘에스엠트론(주)	200	19564	83953	3.0	3.0	2.0	3.0	3.0	0	1	생산/제조	현직원	경북	 1 	False
2015/2/9	엘에스엠트론(주)	200	19564	82876	3.0	2.0	1.0	1.0	3.0	0	1	생산/제조	현직원	경북	 1 	False
2015/2/15	한국에스지에스(주)	200	3327	84485	3.0	3.0	3.0	3.0	3.0	1	1	영업/제휴	현직원	부산	 0 	False
2015/2/23	롯데케미칼(주)	200	35650	85903	3.0	3.0	4.0	4.0	2.0	0	1	기타	현직원	서울	 1 	False
2015/2/1	롯데케미칼(주)	200	35650	80556	3.0	2.0	3.0	3.0	3.0	1	1	기타	현직원	대전	 1 	False
2015/2/13	롯데칠성음료(주)	200	35654	84221	3.0	1.0	2.0	2.0	2.0	0	1	생산/제조	전직원	서울	 2 	False
2015/2/9	롯데칠성음료(주)	200	35654	82764	4.0	3.0	2.0	3.0	3.0	0	1	경영/기획/컨설팅	현직원	서울	 0 	False
2015/2/28	세메스(주)	200	26849	87512	2.0	4.0	2.0	3.0	2.0	0	1	생산/제조	전직원	충남	 0 	False
2015/2/23	(주)네패스	200	83614	85883	4.0	1.0	3.0	2.0	3.0	0	1	생산/제조	현직원	충북	 3 	False
2015/2/4	(주)네패스	200	83614	81679	1.0	1.0	1.0	1.0	1.0	0	0	생산/제조	현직원	충북	 2 	False
2015/2/2	(주)네패스	200	83614	80638	2.0	2.0	3.0	2.0	1.0	0	1	생산/제조	현직원	충북	 0 	False
2015/2/5	(주)서연전자	200	82412	82000	2.0	1.0	2.0	3.0	2.0	0	1	전문직	전직원	서울	 0 	False
2015/2/23	(주)파리크라상	200	50617	85974	2.0	3.0	2.0	2.0	3.0	0	1	서비스/고객지원	전직원	인천	 0 	False
2015/2/16	(주)파리크라상	200	50617	84773	2.0	3.0	3.0	2.0	3.0	0	1	경영/기획/컨설팅	현직원	기타	 0 	False
2015/2/5	(주)파리크라상	200	50617	81848	3.0	4.0	1.0	1.0	1.0	0	1	영업/제휴	전직원	경기	 0 	False
2015/2/11	쿠쿠전자(주)	200	7005	83648	4.0	3.0	4.0	3.0	3.0	1	1	경영/기획/컨설팅	전직원	서울	 0 	False
2015/2/15	히로세코리아(주)	200	17	84603	2.0	2.0	2.0	2.0	2.0	0	1	연구개발	전직원	경기	 0 	False
2015/2/2	히로세코리아(주)	200	17	80920	3.0	4.0	2.0	2.0	2.0	0	1	생산/제조	현직원	경기	 2 	False
2015/2/26	(주)에이블씨엔씨	200	65304	87096	3.0	3.0	2.0	3.0	2.0	1	1	전문직	전직원	서울	 0 	False
2015/2/18	(주)에이블씨엔씨	200	65304	85103	3.0	2.0	3.0	2.0	1.0	1	1	디자인	현직원	서울	 2 	False
2015/2/13	(주)에이블씨엔씨	200	65304	84178	3.0	1.0	1.0	2.0	1.0	0	0	서비스/고객지원	전직원	서울	 0 	False
2015/2/25	(주)인터플렉스	200	57825	86572	3.0	3.0	1.0	2.0	3.0	0	0	영업/제휴	전직원	경기	 0 	False
2015/2/16	(주)인터플렉스	200	57825	84721	4.0	3.0	2.0	2.0	2.0	0	1	경영/기획/컨설팅	현직원	경기	 0 	False
2015/2/9	(주)인터플렉스	200	57825	83010	4.0	2.0	1.0	1.0	1.0	0	0	유통/무역	전직원	경기	 2 	False
2015/2/10	영림임업(주)	200	90620	83274	4.0	5.0	3.0	4.0	4.0	1	1	영업/제휴	현직원	인천	 5 	False
2015/2/27	코오롱인더스트리(주)	200	7133	87419	3.0	3.0	3.0	2.0	1.0	0	0	생산관리/품질관리	전직원	경북	 0 	False
2015/2/17	코오롱인더스트리(주)	200	7133	84913	4.0	3.0	4.0	2.0	2.0	0	1	전문직	현직원	경북	 0 	False
2015/2/11	코오롱인더스트리(주)	200	7133	83437	3.0	3.0	2.0	2.0	3.0	0	0	생산/제조	현직원	경북	 0 	False
2015/2/9	코오롱인더스트리(주)	200	7133	82907	4.0	3.0	5.0	5.0	4.0	1	1	경영/기획/컨설팅	전직원	서울	 0 	False
2015/2/2	코오롱인더스트리(주)	200	7133	80776	3.0	3.0	3.0	2.0	2.0	0	1	전문직	전직원	경북	 0 	False
2015/2/10	오씨아이(주)	200	17662	83361	2.0	2.0	3.0	3.0	1.0	0	1	생산/제조	현직원	경기	 0 	False
2015/2/10	오씨아이(주)	200	17662	83263	4.0	2.0	4.0	3.0	3.0	0	1	경영/기획/컨설팅	현직원		 1 	False
2015/2/1	오씨아이(주)	200	17662	80475	3.0	2.0	2.0	2.0	2.0	0	1	경영/기획/컨설팅	현직원	서울	 0 	False
2015/2/27	태평양물산(주)	200	6068	87196	3.0	2.0	3.0	3.0	2.0	0	1	기타	전직원	서울	 0 	False
2015/2/3	태평양물산(주)	200	6068	81324	4.0	3.0	2.0	4.0	4.0	1	1	유통/무역	전직원	서울	 0 	False
2015/2/24	(주)대웅제약	300	81945	86138	2.0	2.0	3.0	2.0	1.0	0	1	경영/기획/컨설팅	전직원	서울	 0 	False
2015/2/23	(주)대웅제약	300	81945	85894	3.0	3.0	2.0	2.0	2.0	1	1	경영/기획/컨설팅	현직원	서울	 1 	True
2015/2/9	(주)대웅제약	300	81945	82812	3.0	3.0	2.0	3.0	2.0	1	1	영업/제휴	전직원		 5 	True
2015/2/5	(주)대웅제약	300	81945	81722	3.0	4.0	3.0	2.0	3.0	1	1	영업/제휴	현직원	서울	 0 	False
2015/2/24	한미약품(주)	300	2669	86313	4.0	3.0	1.0	3.0	3.0	0	1	생산/제조	현직원	경기	 0 	False
2015/2/4	한미약품(주)	300	2669	81355	2.0	4.0	3.0	3.0	2.0	0	0	영업/제휴	현직원	충북	 3 	False
2015/2/22	종근당(주)	300	55954	85543	4.0	4.0	1.0	2.0	2.0	0	1	영업/제휴	전직원	서울	 3 	False
2015/2/3	종근당(주)	300	55954	81264	2.0	2.0	1.0	1.0	1.0	0	1	생산/제조	현직원	충남	 1 	False
2015/2/14	(주)녹십자	300	83348	84299	3.0	3.0	2.0	2.0	2.0	0	1	생산/제조	현직원	충북	 2 	False
2015/2/23	굿네이버스인터내셔날(사)	300	86785	85958	4.0	4.0	1.0	4.0	3.0	1	1	전문직	현직원	경북	 0 	False
2015/2/26	(주)셀트리온	300	71498	87089	3.0	4.0	2.0	1.0	1.0	0	1	경영/기획/컨설팅	현직원	인천	 2 	False
2015/2/19	(주)셀트리온	300	71498	85247	3.0	3.0	1.0	2.0	1.0	0	0	경영/기획/컨설팅	전직원	인천	 6 	False
2015/2/7	(주)셀트리온	300	71498	82484	4.0	4.0	3.0	5.0	4.0	1	1	전문직	현직원	인천	 2 	False
2015/2/4	(주)셀트리온	300	71498	81403	1.0	1.0	1.0	1.0	1.0	0	0	엔지니어링	전직원	인천	 2 	False
2015/2/2	(주)셀트리온	300	71498	80723	3.0	2.0	5.0	2.0	4.0	0	1	생산/제조	현직원	인천	 4 	False
2015/2/24	한국유나이티드제약(주)	300	3243	86379	3.0	3.0	5.0	2.0	3.0	1	1	전문직	현직원	서울	 0 	False
2015/2/22	한국유나이티드제약(주)	300	3243	85661	2.0	1.0	4.0	2.0	2.0	0	1	전문직	현직원	충남	 0 	False
2015/2/17	서울대학교병원	300	28516	84874	2.0	3.0	3.0	3.0	3.0	0	1	경영/기획/컨설팅	현직원	서울	 1 	False
2015/2/6	서울대학교병원	300	28516	82330	2.0	2.0	5.0	2.0	2.0	0	1	의약	전직원	서울	 0 	False
2015/2/24	에프알엘코리아(주)	400	19964	86083	2.0	3.0	2.0	3.0	3.0	1	1	서비스/고객지원	전직원	경기	 1 	False
2015/2/23	에프알엘코리아(주)	400	19964	85841	4.0	3.0	3.0	4.0	3.0	1	1	영업/제휴	전직원	서울	 0 	False
2015/2/21	에프알엘코리아(주)	400	19964	85404	4.0	2.0	2.0	4.0	3.0	0	1	영업/제휴	전직원	서울	 0 	False
2015/2/16	에프알엘코리아(주)	400	19964	84729	4.0	3.0	1.0	2.0	2.0	0	1	유통/무역	전직원	기타	 0 	False
2015/2/27	한샘(주)	400	48317	87184	3.0	3.0	1.0	1.0	3.0	1	1	영업/제휴	전직원	서울	 0 	False
2015/2/26	한샘(주)	400	48317	86976	5.0	3.0	1.0	3.0	2.0	0	1	전문직	전직원	서울	 0 	False
2015/2/17	한샘(주)	400	48317	84850	2.0	2.0	2.0	3.0	2.0	0	1	영업/제휴	전직원	대구	 0 	False
2015/2/11	한샘(주)	400	48317	83642	4.0	3.0	1.0	1.0	3.0	0	1	영업/제휴	현직원		 3 	False
2015/2/10	한샘(주)	400	48317	83244	3.0	3.0	3.0	3.0	3.0	0	1	영업/제휴	전직원	서울	 0 	False
2015/2/9	한샘(주)	400	48317	82970	3.0	4.0	2.0	3.0	3.0	1	1	영업/제휴	전직원	서울	 0 	False
2015/2/5	한샘(주)	400	48317	82017	3.0	1.0	1.0	3.0	3.0	0	1	영업/제휴	전직원	서울	 1 	False
2015/2/5	한샘(주)	400	48317	81880	3.0	3.0	1.0	3.0	2.0	0	1	영업/제휴	전직원	서울	 0 	False
2015/2/27	홈플러스(주)	400	784	87386	2.0	2.0	2.0	2.0	1.0	0	1	서비스/고객지원	전직원	경기	 0 	False
2015/2/23	홈플러스(주)	400	784	85861	2.0	2.0	3.0	3.0	3.0	0	1	서비스/고객지원	전직원		 0 	False
2015/2/23	홈플러스(주)	400	784	85757	2.0	3.0	1.0	2.0	1.0	0	0	영업/제휴	전직원	서울	 0 	False
2015/2/23	홈플러스(주)	400	784	85681	2.0	1.0	2.0	2.0	2.0	0	0	IT/인터넷	현직원	서울	 0 	False
2015/2/22	홈플러스(주)	400	784	85560	2.0	2.0	2.0	3.0	2.0	0	1	서비스/고객지원	전직원	대전	 0 	False
2015/2/21	홈플러스(주)	400	784	85411	2.0	3.0	1.0	3.0	3.0	0	0	유통/무역	전직원	부산	 0 	False
2015/2/18	홈플러스(주)	400	784	85116	2.0	2.0	2.0	3.0	2.0	0	1	IT/인터넷	현직원	서울	 0 	False
2015/2/10	홈플러스(주)	400	784	83201	3.0	1.0	4.0	3.0	2.0	0	1	유통/무역	현직원	서울	 1 	False
2015/2/4	홈플러스(주)	400	784	81671	2.0	1.0	2.0	4.0	2.0	0	1	IT/인터넷	현직원	서울	 0 	False
2015/2/15	씨제이올리브영(주)	400	23194	84563	3.0	3.0	2.0	4.0	3.0	0	1	서비스/고객지원	전직원		 0 	False
2015/2/9	씨제이올리브영(주)	400	23194	82900	3.0	2.0	2.0	4.0	3.0	1	1	서비스/고객지원	전직원	경기	 0 	False
2015/2/22	이마트(주)	400	59035	85495	3.0	3.0	3.0	2.0	3.0	0	1	서비스/고객지원	전직원	서울	 0 	False
2015/2/12	이마트(주)	400	59035	83996	3.0	4.0	3.0	3.0	1.0	0	0	경영/기획/컨설팅	현직원	서울	 1 	False
2015/2/10	이마트(주)	400	59035	83333	2.0	3.0	1.0	2.0	2.0	0	1	경영/기획/컨설팅	전직원	경북	 0 	False
2015/2/24	지에스리테일(주)	400	55399	85988	1.0	1.0	2.0	4.0	3.0	0	1	디자인	현직원	서울	 6 	False
2015/2/21	지에스리테일(주)	400	55399	85475	1.0	1.0	3.0	3.0	2.0	0	1	디자인	현직원	서울	 5 	False
2015/2/9	지에스리테일(주)	400	55399	82897	3.0	2.0	2.0	3.0	3.0	0	1	서비스/고객지원	현직원	기타	 0 	False
2015/2/24	비지에프리테일(주)	400	74403	86332	3.0	4.0	2.0	4.0	2.0	1	1	경영/기획/컨설팅	전직원	경기	 1 	False
2015/2/24	비지에프리테일(주)	400	74403	86268	4.0	4.0	4.0	4.0	4.0	1	1	유통/무역	현직원	경북	 1 	False
2015/2/13	비지에프리테일(주)	400	74403	84202	3.0	3.0	2.0	3.0	3.0	0	1	경영/기획/컨설팅	현직원	서울	 2 	False
2015/2/11	비지에프리테일(주)	400	74403	83417	3.0	5.0	2.0	4.0	5.0	1	1	영업/제휴	현직원	부산	 3 	False
2015/2/4	비지에프리테일(주)	400	74403	81385	4.0	5.0	5.0	5.0	5.0	1	1	경영/기획/컨설팅	현직원	서울	 1 	False
2015/2/24	한국철도공사	400	86756	86020	2.0	3.0	3.0	3.0	3.0	0	1	유통/무역	현직원	광주	 0 	False
2015/2/28	(주)대한항공	400	81661	87602	4.0	4.0	2.0	4.0	2.0	1	1	서비스/고객지원	현직원	서울	 1 	False
2015/2/18	(주)대한항공	400	81661	85136	3.0	1.0	3.0	3.0	2.0	0	0	경영/기획/컨설팅	현직원	부산	 0 	False
2015/2/18	(주)대한항공	400	81661	85131	1.0	3.0	2.0	1.0	1.0	0	1	서비스/고객지원	전직원	서울	 1 	False
2015/2/18	(주)대한항공	400	81661	85125	3.0	4.0	3.0	2.0	2.0	0	1	서비스/고객지원	전직원	서울	 0 	False
2015/2/11	(주)대한항공	400	81661	83633	2.0	1.0	4.0	2.0	1.0	0	1	서비스/고객지원	현직원	서울	 2 	False
2015/2/3	(주)대한항공	400	81661	81312	2.0	2.0	4.0	1.0	1.0	0	0	경영/기획/컨설팅	현직원	서울	 1 	False
2015/2/2	(주)대한항공	400	81661	80650	3.0	3.0	2.0	2.0	1.0	0	0	영업/제휴	현직원	서울	 0 	False
2015/2/24	롯데쇼핑(주) 롯데마트사업본부	400	89252	86274	2.0	2.0	4.0	4.0	2.0	0	1	유통/무역	전직원	경기	 0 	False
2015/2/7	롯데쇼핑(주) 롯데마트사업본부	400	89252	82355	3.0	3.0	3.0	4.0	3.0	1	1	기타	전직원	경기	 0 	False
2015/2/23	현대백화점(주)	400	47637	85944	1.0	1.0	1.0	2.0	1.0	0	1	서비스/고객지원	전직원	서울	 1 	False
2015/2/23	현대백화점(주)	400	47637	85855	4.0	5.0	5.0	5.0	5.0	1	1	경영/기획/컨설팅	현직원	서울	 1 	False
2015/2/22	현대백화점(주)	400	47637	85487	3.0	3.0	2.0	4.0	3.0	0	1	영업/제휴	전직원	서울	 1 	False
2015/2/15	현대백화점(주)	400	47637	84538	3.0	4.0	3.0	3.0	3.0	1	1	기타	전직원	울산	 0 	False
2015/2/9	현대백화점(주)	400	47637	83052	3.0	5.0	3.0	4.0	3.0	1	1	유통/무역	전직원	서울	 3 	True
2015/2/2	현대백화점(주)	400	47637	80791	3.0	3.0	2.0	3.0	3.0	0	1	영업/제휴	현직원	서울	 1 	False
2015/2/18	코리아세븐(주)	400	52956	85101	5.0	4.0	3.0	3.0	3.0	1	1	경영/기획/컨설팅	현직원	서울	 1 	False
2015/2/14	코리아세븐(주)	400	52956	84291	4.0	3.0	2.0	3.0	2.0	0	1	영업/제휴	현직원	서울	 0 	False
2015/2/27	이랜드리테일(주)	400	59124	87380	3.0	3.0	1.0	1.0	2.0	0	1	경영/기획/컨설팅	전직원	서울	 1 	False
2015/2/26	이랜드리테일(주)	400	59124	86956	2.0	3.0	2.0	2.0	3.0	0	1	경영/기획/컨설팅	현직원	울산	 0 	False
2015/2/25	이랜드리테일(주)	400	59124	86687	1.0	4.0	1.0	3.0	3.0	0	1	디자인	전직원	서울	 0 	False
2015/2/19	이랜드리테일(주)	400	59124	85180	3.0	2.0	1.0	3.0	1.0	0	1	경영/기획/컨설팅	전직원	경기	 0 	False
2015/2/13	이랜드리테일(주)	400	59124	84143	4.0	3.0	1.0	2.0	2.0	0	1	유통/무역	전직원	서울	 0 	False
2015/2/12	이랜드리테일(주)	400	59124	83981	5.0	3.0	2.0	4.0	3.0	1	1	유통/무역	현직원	서울	 0 	False
2015/2/10	이랜드리테일(주)	400	59124	83358	3.0	3.0	3.0	3.0	3.0	0	1	영업/제휴	전직원	경기	 0 	False
2015/2/4	이랜드리테일(주)	400	59124	81686	4.0	4.0	1.0	2.0	3.0	0	1	경영/기획/컨설팅	전직원	서울	 0 	False
2015/2/25	씨제이대한통운(주)	400	23203	86748	2.0	4.0	2.0	2.0	2.0	0	1	영업/제휴	현직원	부산	 0 	False
2015/2/11	씨제이대한통운(주)	400	23203	83594	3.0	2.0	3.0	3.0	1.0	0	1	유통/무역	현직원	서울	 3 	False
2015/2/28	(주)서브원	400	73058	87505	2.0	3.0	3.0	3.0	3.0	1	1	경영/기획/컨설팅	전직원	서울	 3 	False
2015/2/23	(주)서브원	400	73058	85687	2.0	3.0	3.0	4.0	2.0	0	1	영업/제휴	전직원	기타	 5 	False
2015/2/13	(주)서브원	400	73058	84114	5.0	5.0	4.0	5.0	5.0	1	1	경영/기획/컨설팅	현직원	서울	 0 	False
2015/2/11	(주)서브원	400	73058	83693	2.0	3.0	1.0	2.0	2.0	0	1	영업/제휴	전직원		 1 	False
2015/2/7	(주)서브원	400	73058	82499	3.0	4.0	3.0	4.0	3.0	1	1	경영/기획/컨설팅	전직원	서울	 0 	False
2015/2/6	(주)서브원	400	73058	82067	3.0	4.0	1.0	2.0	2.0	0	1	영업/제휴	전직원		 2 	False
2015/2/27	(주)이디야	400	87294	87329	3.0	4.0	3.0	4.0	3.0	1	1	경영/기획/컨설팅	전직원	서울	 1 	False
2015/2/26	(주)이디야	400	87294	86841	3.0	4.0	3.0	4.0	4.0	1	1	경영/기획/컨설팅	현직원	서울	 0 	False
2015/2/6	(주)이디야	400	87294	82057	2.0	2.0	2.0	3.0	1.0	0	1	엔지니어링	전직원	서울	 0 	False
2015/2/15	자라리테일코리아(주)	400	12620	84442	2.0	1.0	3.0	3.0	2.0	0	1	서비스/고객지원	전직원	서울	 0 	False
2015/2/28	하이프라자(주)	400	48960	87445	4.0	4.0	1.0	4.0	5.0	1	1	영업/제휴	현직원	경기	 0 	False
2015/2/25	아시아나항공(주)	400	22637	86390	5.0	4.0	5.0	4.0	2.0	1	1	전문직	현직원	기타	 0 	False
2015/2/24	아시아나항공(주)	400	22637	86119	3.0	4.0	4.0	4.0	2.0	1	1	전문직	현직원	서울	 0 	False
2015/2/14	아시아나항공(주)	400	22637	84392	3.0	4.0	3.0	4.0	4.0	0	1	서비스/고객지원	현직원	서울	 0 	False
2015/2/10	아시아나항공(주)	400	22637	83329	1.0	1.0	2.0	2.0	1.0	0	1	경영/기획/컨설팅	전직원	경기	 0 	False
2015/2/24	롯데하이마트(주)	400	35647	86219	3.0	4.0	2.0	3.0	4.0	1	1	영업/제휴	현직원	인천	 1 	False
2015/2/12	롯데하이마트(주)	400	35647	83895	2.0	3.0	2.0	4.0	3.0	0	1	영업/제휴	전직원	전남	 0 	False
2015/2/20	(주)아성다이소	400	82693	85345	2.0	2.0	1.0	1.0	2.0	0	1	영업/제휴	현직원	서울	 0 	False
2015/2/15	(주)아성다이소	400	82693	84551	2.0	1.0	1.0	1.0	1.0	0	1	IT/인터넷	전직원	서울	 0 	False
2015/2/12	(주)아성다이소	400	82693	83965	3.0	3.0	5.0	1.0	2.0	0	1	영업/제휴	현직원	대구	 3 	False
2015/2/7	(주)아성다이소	400	82693	82353	2.0	1.0	1.0	2.0	1.0	0	1	서비스/고객지원	현직원		 3 	False
2015/2/4	(주)아성다이소	400	82693	81444	1.0	1.0	1.0	1.0	1.0	0	1	유통/무역	현직원	서울	 2 	False
2015/2/2	(주)아성다이소	400	82693	80884	1.0	1.0	1.0	1.0	1.0	0	1	유통/무역	현직원	대구	 0 	False
2015/2/5	신세계(주)	400	70075	81881	4.0	4.0	4.0	4.0	4.0	1	1	IT/인터넷	현직원	서울	 21 	False
2015/2/7	(주)에어코리아	400	87179	82407	4.0	1.0	1.0	2.0	2.0	0	1	서비스/고객지원	현직원	인천	 1 	False
2015/2/19	(주)이마트에브리데이	400	66291	85226	3.0	2.0	2.0	2.0	2.0	1	1	유통/무역	현직원	경기	 3 	False
2015/2/12	(주)이마트에브리데이	400	66291	83994	3.0	3.0	2.0	3.0	2.0	1	1	유통/무역	현직원	서울	 0 	False
2015/2/8	(주)이마트에브리데이	400	66291	82669	3.0	2.0	1.0	3.0	1.0	0	1	유통/무역	현직원	경기	 0 	False
2015/2/27	카페베네(주)	400	86758	87318	2.0	3.0	2.0	2.0	2.0	0	0	서비스/고객지원	전직원	서울	 7 	False
2015/2/2	카페베네(주)	400	86758	80861	2.0	3.0	3.0	2.0	2.0	1	1	서비스/고객지원	전직원	서울	 0 	False
2015/2/16	데상트코리아(주)	400	38482	84628	4.0	4.0	2.0	4.0	5.0	1	1	경영/기획/컨설팅	현직원	서울	 29 	True
2015/2/8	데상트코리아(주)	400	38482	82719	5.0	5.0	3.0	5.0	4.0	1	1	경영/기획/컨설팅	현직원	서울	 0 	False
2015/2/3	데상트코리아(주)	400	38482	81335	4.0	3.0	5.0	4.0	4.0	1	1	경영/기획/컨설팅	전직원	서울	 5 	False
2015/2/2	데상트코리아(주)	400	38482	80907	4.0	4.0	2.0	4.0	2.0	0	1	기타	전직원	서울	 4 	False
2015/2/20	씨제이오쇼핑(주)	400	68779	85299	3.0	2.0	1.0	2.0	1.0	0	0	유통/무역	현직원	서울	 0 	False
2015/2/10	씨제이오쇼핑(주)	400	68779	83277	4.0	3.0	3.0	4.0	2.0	1	1	영업/제휴	현직원	서울	 0 	False
2015/2/1	씨제이오쇼핑(주)	400	68779	80583	1.0	1.0	1.0	1.0	1.0	0	1	기타	전직원	서울	 2 	False
2015/2/22	제너시스비비큐(주)	400	56878	85651	2.0	1.0	1.0	1.0	1.0	0	1	영업/제휴	현직원	서울	 0 	False
2015/2/5	제너시스비비큐(주)	400	56878	81717	1.0	1.0	1.0	1.0	1.0	0	0	영업/제휴	전직원	서울	 0 	False
2015/2/26	(주)케이티엠앤에스	400	53157	87007	3.0	3.0	3.0	2.0	3.0	0	1	기타	전직원	기타	 0 	False
2015/2/27	삼성물산(주) 상사부문	400	30214	87268	4.0	5.0	3.0	3.0	3.0	1	1	엔지니어링	현직원	서울	 0 	False
2015/2/25	삼성물산(주) 상사부문	400	30214	86503	4.0	5.0	3.0	4.0	4.0	1	1	생산/제조	전직원	서울	 0 	False
2015/2/24	삼성물산(주) 상사부문	400	30214	86204	4.0	3.0	1.0	3.0	3.0	0	1	엔지니어링	전직원	충남	 4 	False
2015/2/9	삼성물산(주) 상사부문	400	30214	82998	3.0	4.0	4.0	3.0	3.0	1	1	IT/인터넷	현직원	서울	 0 	False
2015/2/1	삼성물산(주) 상사부문	400	30214	80483	4.0	3.0	1.0	4.0	4.0	1	1	엔지니어링	현직원	서울	 0 	False
2015/2/16	에이치앤엠헤네스앤모리츠(주)	400	20164	84735	3.0	2.0	4.0	4.0	4.0	1	1	서비스/고객지원	현직원		 0 	False
2015/2/15	(주)한진	400	48025	84493	3.0	1.0	2.0	2.0	2.0	0	1	경영/기획/컨설팅	전직원	서울	 0 	False
2015/2/28	탐앤탐스(주)	400	52038	87471	3.0	2.0	2.0	4.0	3.0	0	1	서비스/고객지원	전직원		 0 	False
2015/2/26	탐앤탐스(주)	400	52038	86843	2.0	3.0	3.0	4.0	2.0	0	1	서비스/고객지원	전직원	서울	 0 	False
2015/2/12	탐앤탐스(주)	400	52038	83945	3.0	2.0	3.0	2.0	1.0	1	1	경영/기획/컨설팅	현직원	서울	 2 	False
2015/2/27	해커스 교육그룹	500	87523	87434	2.0	2.0	2.0	2.0	2.0	0	1	유통/무역	전직원	서울	 2 	False
2015/2/25	해커스 교육그룹	500	87523	86597	3.0	2.0	1.0	1.0	1.0	0	1	경영/기획/컨설팅	현직원	서울	 4 	False
2015/2/23	해커스 교육그룹	500	87523	85781	4.0	2.0	1.0	2.0	1.0	0	1	경영/기획/컨설팅	전직원	서울	 2 	False
2015/2/22	해커스 교육그룹	500	87523	85484	3.0	1.0	1.0	1.0	1.0	0	0	경영/기획/컨설팅	현직원	서울	 12 	False
2015/2/14	해커스 교육그룹	500	87523	84324	3.0	1.0	1.0	2.0	1.0	0	1	영업/제휴	현직원	서울	 6 	False
2015/2/12	해커스 교육그룹	500	87523	83907	3.0	3.0	3.0	3.0	3.0	1	1	전문직	현직원	서울	 3 	False
2015/2/7	해커스 교육그룹	500	87523	82504	3.0	1.0	1.0	1.0	1.0	0	1	경영/기획/컨설팅	전직원	서울	 6 	False
2015/2/7	해커스 교육그룹	500	87523	82463	5.0	1.0	1.0	1.0	1.0	0	0	디자인	현직원	서울	 3 	False
2015/2/6	해커스 교육그룹	500	87523	82172	5.0	2.0	4.0	1.0	1.0	0	1	교육	전직원	서울	 0 	False
2015/2/5	해커스 교육그룹	500	87523	81966	3.0	2.0	1.0	2.0	2.0	0	1	경영/기획/컨설팅	전직원	서울	 2 	False
2015/2/5	해커스 교육그룹	500	87523	81962	2.0	1.0	1.0	1.0	1.0	0	0	기타	현직원	서울	 7 	False
2015/2/5	해커스 교육그룹	500	87523	81803	4.0	2.0	1.0	2.0	2.0	0	1	기타	전직원	서울	 0 	False
2015/2/5	해커스 교육그룹	500	87523	81745	4.0	3.0	1.0	2.0	2.0	0	0	경영/기획/컨설팅	전직원	서울	 1 	False
2015/2/4	해커스 교육그룹	500	87523	81468	3.0	2.0	2.0	3.0	3.0	0	1	경영/기획/컨설팅	전직원	서울	 0 	False
2015/2/3	해커스 교육그룹	500	87523	81175	4.0	2.0	1.0	1.0	1.0	0	0	경영/기획/컨설팅	전직원	서울	 2 	False
2015/2/28	(주)동화세상에듀코	500	86740	87616	3.0	3.0	3.0	3.0	3.0	0	1	영업/제휴	전직원	서울	 1 	False
2015/2/23	(주)동화세상에듀코	500	86740	85702	4.0	3.0	3.0	4.0	3.0	1	1	교육	현직원	서울	 1 	False
2015/2/9	(주)동화세상에듀코	500	86740	83037	3.0	1.0	1.0	1.0	1.0	0	1	교육	전직원	서울	 6 	False
2015/2/5	(주)동화세상에듀코	500	86740	81834	3.0	1.0	1.0	4.0	4.0	0	1	영업/제휴	전직원		 2 	False
2015/2/11	(주)에스티유니타스	500	88435	83455	4.0	1.0	1.0	3.0	3.0	0	1	교육	전직원	서울	 22 	False
2015/2/9	(주)에스티유니타스	500	88435	82783	3.0	2.0	2.0	2.0	1.0	0	1	IT/인터넷	현직원	서울	 22 	False
2015/2/28	에듀윌(주)	500	66387	87475	5.0	5.0	4.0	5.0	5.0	1	1	IT/인터넷	전직원	서울	 2 	False
2015/2/26	에듀윌(주)	500	66387	87058	1.0	2.0	2.0	1.0	2.0	0	0	마케팅/시장조사	현직원	서울	 1 	False
2015/2/25	에듀윌(주)	500	66387	86643	5.0	4.0	4.0	5.0	4.0	1	1	미디어/홍보	전직원	서울	 2 	False
2015/2/17	에듀윌(주)	500	66387	84857	3.0	2.0	2.0	3.0	3.0	0	1	경영/기획/컨설팅	전직원	서울	 1 	False
2015/2/16	에듀윌(주)	500	66387	84792	4.0	4.0	4.0	5.0	5.0	1	1	영업/제휴	전직원	서울	 1 	False
2015/2/16	에듀윌(주)	500	66387	84637	4.0	4.0	4.0	5.0	4.0	1	1	경영/기획/컨설팅	전직원	서울	 1 	False
2015/2/5	에듀윌(주)	500	66387	81726	2.0	3.0	1.0	3.0	2.0	0	1	경영/기획/컨설팅	현직원	서울	 10 	False
2015/2/24	아발론교육(주)	500	87139	86068	4.0	1.0	2.0	3.0	2.0	0	1	교육	현직원	서울	 1 	False
2015/2/3	넥스큐브코퍼레이션(주) 에듀플렉스	500	87166	81307	3.0	3.0	1.0	2.0	3.0	0	1	교육	현직원	서울	 0 	False
2015/2/10	이투스교육(주)	500	13538	83314	3.0	3.0	1.0	5.0	1.0	0	1	IT/인터넷	전직원	서울	 9 	False
2015/2/9	이투스교육(주)	500	13538	82929	3.0	5.0	3.0	3.0	2.0	0	1	경영/기획/컨설팅	전직원	서울	 2 	False
2015/2/9	이투스교육(주)	500	13538	82835	3.0	3.0	1.0	3.0	1.0	0	0	인사/총무	현직원	서울	 5 	False
2015/2/3	이투스교육(주)	500	13538	81164	3.0	3.0	4.0	3.0	2.0	0	0	IT/인터넷	현직원	서울	 0 	False
2015/2/27	메가스터디(주)	500	34783	87339	2.0	2.0	3.0	4.0	3.0	0	0	교육	전직원	서울	 0 	False
2015/2/13	메가스터디(주)	500	34783	84192	4.0	4.0	2.0	3.0	4.0	1	1	IT/인터넷	현직원	서울	 0 	False
2015/2/13	메가스터디(주)	500	34783	84047	4.0	3.0	4.0	4.0	4.0	1	1	IT/인터넷	전직원	서울	 0 	False
2015/2/11	메가스터디(주)	500	34783	83580	3.0	2.0	3.0	2.0	2.0	0	0	기타	전직원	서울	 2 	False
2015/2/11	한솔교육(주)	500	48260	83657	2.0	2.0	2.0	2.0	2.0	0	0	IT/인터넷	현직원	서울	 1 	False
2015/2/11	한솔교육(주)	500	48260	83644	3.0	1.0	4.0	4.0	3.0	0	1	기타	현직원	서울	 1 	False
2015/2/4	한솔교육(주)	500	48260	81472	2.0	2.0	3.0	2.0	2.0	0	0	IT/인터넷	전직원	서울	 1 	False
2015/2/13	와이비엠시사닷컴(주)	500	61967	84042	3.0	3.0	3.0	3.0	2.0	0	1	교육	현직원	경기	 0 	False
2015/2/10	와이비엠시사닷컴(주)	500	61967	83275	2.0	2.0	2.0	2.0	1.0	0	1	영업/제휴	전직원	서울	 0 	False
2015/2/2	와이비엠시사닷컴(주)	500	61967	80801	5.0	2.0	2.0	2.0	1.0	1	1	영업/제휴	전직원	서울	 0 	False
2015/2/26	한국토지주택공사	600	86768	86822	4.0	4.0	5.0	5.0	4.0	1	1	특수계층/공공	전직원		 0 	False
2015/2/22	현대엔지니어링(주)	600	1322	85678	4.0	5.0	4.0	4.0	4.0	1	1	엔지니어링	현직원	서울	 0 	False
2015/2/15	현대엔지니어링(주)	600	1322	84566	3.0	4.0	3.0	3.0	3.0	1	1	경영/기획/컨설팅	전직원	서울	 0 	False
2015/2/7	현대엔지니어링(주)	600	1322	82404	4.0	5.0	3.0	3.0	3.0	1	1	엔지니어링	현직원	서울	 0 	False
2015/2/25	현대건설(주)	600	1463	86530	3.0	3.0	3.0	3.0	3.0	1	1	경영/기획/컨설팅	전직원	서울	 0 	False
2015/2/11	한전케이피에스(주)	600	2064	83685	5.0	4.0	4.0	3.0	3.0	0	1	특수계층/공공	현직원	충남	 7 	True
2015/2/8	한전케이피에스(주)	600	2064	82536	5.0	4.0	5.0	5.0	3.0	1	1	특수계층/공공	현직원	충남	 0 	False
2015/2/25	대림산업(주)	600	40294	86487	4.0	3.0	2.0	3.0	3.0	1	1	엔지니어링	전직원	서울	 0 	False
2015/2/24	대림산업(주)	600	40294	86184	3.0	2.0	1.0	2.0	2.0	0	1	엔지니어링	현직원	기타	 1 	False
2015/2/23	대림산업(주)	600	40294	85714	3.0	3.0	2.0	2.0	2.0	0	1	엔지니어링	현직원	기타	 0 	False
2015/2/7	대림산업(주)	600	40294	82473	3.0	3.0	3.0	3.0	3.0	0	1	엔지니어링	전직원	서울	 0 	False
2015/2/5	대림산업(주)	600	40294	81999	4.0	3.0	2.0	2.0	1.0	0	1	엔지니어링	현직원	서울	 1 	False
2015/2/18	에스케이건설(주)	600	20640	85138	4.0	4.0	3.0	5.0	4.0	1	1	경영/기획/컨설팅	현직원	서울	 0 	False
2015/2/9	(주)대우건설	600	81985	82786	4.0	4.0	5.0	4.0	3.0	1	1	엔지니어링	현직원	서울	 0 	False
2015/2/2	(주)대우건설	600	81985	80860	3.0	3.0	3.0	3.0	3.0	0	1	인사/총무	현직원	서울	 0 	False
2015/2/27	지에스건설(주)	600	9981	87265	4.0	4.0	3.0	3.0	3.0	0	1	경영/기획/컨설팅	전직원	서울	 0 	False
2015/2/28	쿠팡(주)	700	87444	87464	3.0	3.0	3.0	4.0	3.0	0	1	전문직	현직원	서울	 0 	False
2015/2/12	쿠팡(주)	700	87444	83870	2.0	2.0	3.0	2.0	2.0	0	1	경영/기획/컨설팅	전직원	서울	 0 	False
2015/2/27	삼성에스디에스(주)	700	30162	87416	3.0	4.0	2.0	3.0	3.0	1	1	경영/기획/컨설팅	현직원	서울	 0 	False
2015/2/27	삼성에스디에스(주)	700	30162	87395	5.0	5.0	5.0	5.0	5.0	1	1	IT/인터넷	현직원	서울	 4 	True
2015/2/27	삼성에스디에스(주)	700	30162	87259	3.0	3.0	3.0	2.0	2.0	1	1	영업/제휴	현직원	인천	 1 	False
2015/2/25	삼성에스디에스(주)	700	30162	86589	4.0	4.0	4.0	4.0	4.0	1	1	IT/인터넷	전직원	서울	 0 	False
2015/2/24	삼성에스디에스(주)	700	30162	86086	3.0	4.0	4.0	3.0	3.0	1	1	IT/인터넷	현직원	서울	 0 	False
2015/2/23	삼성에스디에스(주)	700	30162	85816	5.0	4.0	4.0	4.0	4.0	1	1	IT/인터넷	현직원	서울	 0 	False
2015/2/22	삼성에스디에스(주)	700	30162	85653	3.0	3.0	3.0	3.0	3.0	1	1	IT/인터넷	현직원	서울	 0 	False
2015/2/17	삼성에스디에스(주)	700	30162	84904	3.0	4.0	3.0	3.0	4.0	1	1	IT/인터넷	현직원	서울	 0 	False
2015/2/15	삼성에스디에스(주)	700	30162	84568	5.0	3.0	3.0	5.0	2.0	1	1	IT/인터넷	현직원	서울	 2 	False
2015/2/14	삼성에스디에스(주)	700	30162	84367	3.0	4.0	3.0	4.0	1.0	1	1	IT/인터넷	현직원	서울	 0 	False
2015/2/11	삼성에스디에스(주)	700	30162	83552	3.0	5.0	5.0	5.0	2.0	1	1	디자인	현직원	서울	 0 	False
2015/2/11	삼성에스디에스(주)	700	30162	83425	4.0	3.0	2.0	4.0	3.0	1	1	IT/인터넷	현직원	서울	 0 	False
2015/2/10	삼성에스디에스(주)	700	30162	83097	3.0	4.0	4.0	4.0	3.0	1	1	IT/인터넷	전직원	경북	 0 	False
2015/2/8	삼성에스디에스(주)	700	30162	82689	3.0	3.0	3.0	3.0	3.0	1	1	기타	현직원	경기	 0 	False
2015/2/4	삼성에스디에스(주)	700	30162	81688	3.0	3.0	2.0	2.0	2.0	0	1	IT/인터넷	현직원	서울	 1 	False
2015/2/4	삼성에스디에스(주)	700	30162	81594	3.0	4.0	3.0	3.0	3.0	1	1	IT/인터넷	전직원	경기	 0 	False
2015/2/3	삼성에스디에스(주)	700	30162	81279	3.0	3.0	3.0	2.0	3.0	1	1	경영/기획/컨설팅	전직원	서울	 0 	False
2015/2/24	(주)엘지씨엔에스	700	63859	86378	3.0	3.0	4.0	4.0	3.0	1	1	IT/인터넷	전직원	서울	 0 	False
2015/2/21	(주)엘지씨엔에스	700	63859	85425	4.0	3.0	3.0	5.0	4.0	1	1	IT/인터넷	현직원	서울	 6 	True
2015/2/17	(주)엘지씨엔에스	700	63859	84999	3.0	3.0	2.0	3.0	2.0	1	1	IT/인터넷	현직원	서울	 0 	False
2015/2/11	(주)엘지씨엔에스	700	63859	83699	4.0	3.0	3.0	5.0	3.0	1	1	IT/인터넷	현직원	서울	 0 	False
2015/2/9	(주)엘지씨엔에스	700	63859	82861	3.0	4.0	3.0	4.0	3.0	1	1	기타	전직원	서울	 0 	False
2015/2/6	(주)엘지씨엔에스	700	63859	82310	2.0	2.0	2.0	5.0	2.0	0	1	IT/인터넷	현직원	서울	 0 	False
2015/2/2	(주)엘지씨엔에스	700	63859	80732	3.0	2.0	2.0	2.0	1.0	0	1	IT/인터넷	현직원	서울	 0 	False
2015/2/28	케이티(주)	700	53191	87559	4.0	3.0	3.0	4.0	3.0	1	1	IT/인터넷	현직원	서울	 0 	False
2015/2/27	케이티(주)	700	53191	87156	2.0	1.0	4.0	3.0	3.0	0	0	IT/인터넷	전직원	서울	 0 	False
2015/2/21	케이티(주)	700	53191	85448	5.0	5.0	4.0	4.0	3.0	1	1	경영/기획/컨설팅	현직원	경기	 0 	False
2015/2/15	케이티(주)	700	53191	84498	2.0	4.0	3.0	3.0	4.0	0	1	영업/제휴	전직원	인천	 0 	False
2015/2/14	케이티(주)	700	53191	84390	2.0	2.0	4.0	2.0	1.0	0	1	IT/인터넷	현직원	경기	 0 	False
2015/2/14	케이티(주)	700	53191	84339	3.0	2.0	4.0	3.0	2.0	1	1	경영/기획/컨설팅	현직원	서울	 0 	False
2015/2/13	케이티(주)	700	53191	84239	2.0	2.0	2.0	4.0	1.0	0	0	서비스/고객지원	전직원	서울	 0 	False
2015/2/9	케이티(주)	700	53191	82910	3.0	2.0	1.0	3.0	2.0	0	1	경영/기획/컨설팅	현직원	경기	 1 	False
2015/2/9	케이티(주)	700	53191	82791	3.0	3.0	3.0	3.0	3.0	1	1	경영/기획/컨설팅	현직원	서울	 0 	False
2015/2/8	케이티(주)	700	53191	82617	2.0	1.0	3.0	3.0	2.0	0	1	경영/기획/컨설팅	전직원	서울	 0 	False
2015/2/4	케이티(주)	700	53191	81575	2.0	2.0	2.0	3.0	1.0	0	1	경영/기획/컨설팅	현직원	서울	 1 	False
2015/2/3	케이티(주)	700	53191	81182	3.0	3.0	3.0	3.0	3.0	1	1	경영/기획/컨설팅	현직원	서울	 0 	False
2015/2/1	케이티(주)	700	53191	80629	3.0	2.0	3.0	3.0	2.0	0	0	IT/인터넷	현직원	서울	 0 	False
2015/2/1	케이티(주)	700	53191	80450	3.0	3.0	4.0	4.0	3.0	1	1	영업/제휴	현직원	인천	 0 	False
2015/2/24	(주)엘지유플러스	700	63857	86139	3.0	3.0	4.0	3.0	3.0	0	1	IT/인터넷	현직원	서울	 1 	False
2015/2/23	(주)엘지유플러스	700	63857	85941	3.0	4.0	2.0	3.0	3.0	1	1	IT/인터넷	전직원	서울	 0 	False
2015/2/20	(주)엘지유플러스	700	63857	85324	4.0	4.0	4.0	4.0	4.0	1	1	영업/제휴	현직원	대전	 0 	False
2015/2/18	(주)엘지유플러스	700	63857	85084	5.0	3.0	3.0	4.0	4.0	1	1	연구개발	현직원	서울	 0 	False
2015/2/18	(주)엘지유플러스	700	63857	85079	4.0	3.0	2.0	3.0	3.0	1	1	경영/기획/컨설팅	현직원	경기	 0 	False
2015/2/13	(주)엘지유플러스	700	63857	84083	2.0	2.0	3.0	4.0	4.0	1	1	경영/기획/컨설팅	현직원	서울	 0 	False
2015/2/12	(주)엘지유플러스	700	63857	83739	4.0	3.0	3.0	3.0	3.0	1	1	IT/인터넷	현직원	인천	 0 	False
2015/2/11	(주)엘지유플러스	700	63857	83476	3.0	2.0	4.0	3.0	2.0	0	1	IT/인터넷	현직원	서울	 0 	False
2015/2/11	(주)엘지유플러스	700	63857	83463	3.0	3.0	3.0	3.0	3.0	1	1	마케팅/시장조사	전직원	서울	 0 	False
2015/2/8	(주)엘지유플러스	700	63857	82604	3.0	3.0	1.0	3.0	3.0	1	1	IT/인터넷	현직원	서울	 1 	False
2015/2/17	(주)티몬	700	50695	84956	4.0	3.0	3.0	5.0	4.0	1	1	IT/인터넷	전직원	서울	 1 	False
2015/2/10	(주)티몬	700	50695	83138	3.0	2.0	4.0	4.0	2.0	1	0	유통/무역	전직원	서울	 1 	False
2015/2/8	(주)티몬	700	50695	82703	3.0	3.0	3.0	3.0	3.0	1	1	영업/제휴	전직원	서울	 1 	False
2015/2/2	(주)티몬	700	50695	80731	2.0	2.0	4.0	3.0	2.0	1	1	영업/제휴	전직원	서울	 1 	False
2015/2/1	(주)티몬	700	50695	80490	2.0	3.0	5.0	5.0	3.0	0	1	경영/기획/컨설팅	현직원	서울	 0 	False
2015/2/9	(주)위메프	700	60632	83065	2.0	1.0	3.0	2.0	3.0	0	1	유통/무역	현직원	서울	 1 	False
2015/2/8	(주)위메프	700	60632	82676	3.0	1.0	2.0	3.0	1.0	0	0	IT/인터넷	현직원	서울	 1 	False
2015/2/5	(주)위메프	700	60632	81784	4.0	2.0	2.0	3.0	3.0	0	1	경영/기획/컨설팅	전직원	서울	 0 	False
2015/2/3	(주)위메프	700	60632	81308	5.0	3.0	2.0	5.0	5.0	1	1	경영/기획/컨설팅	현직원	서울	 1 	False
2015/2/27	에스케이플래닛(주)	700	20564	87320	3.0	4.0	4.0	4.0	3.0	1	1	IT/인터넷	전직원	경기	 0 	False
2015/2/26	에스케이플래닛(주)	700	20564	86852	3.0	5.0	5.0	4.0	2.0	0	0	경영/기획/컨설팅	현직원	서울	 1 	False
2015/2/24	에스케이플래닛(주)	700	20564	86265	3.0	4.0	5.0	5.0	4.0	1	1	경영/기획/컨설팅	현직원	경기	 0 	False
2015/2/23	에스케이플래닛(주)	700	20564	85740	3.0	3.0	4.0	2.0	1.0	0	0	IT/인터넷	현직원	경기	 0 	False
2015/2/20	에스케이플래닛(주)	700	20564	85289	3.0	4.0	5.0	4.0	3.0	1	1	IT/인터넷	현직원	경기	 1 	False
2015/2/18	에스케이플래닛(주)	700	20564	85080	1.0	2.0	3.0	4.0	3.0	0	0	미디어/홍보	현직원	서울	 0 	False
2015/2/13	에스케이플래닛(주)	700	20564	84214	3.0	4.0	3.0	4.0	2.0	0	1	IT/인터넷	전직원	경기	 0 	False
2015/2/12	에스케이플래닛(주)	700	20564	83865	2.0	3.0	4.0	3.0	2.0	0	1	경영/기획/컨설팅	현직원	경기	 1 	False
2015/2/10	에스케이플래닛(주)	700	20564	83235	3.0	5.0	3.0	5.0	3.0	1	1	미디어/홍보	전직원	서울	 0 	False
2015/2/9	에스케이플래닛(주)	700	20564	83061	3.0	4.0	2.0	4.0	3.0	0	0	IT/인터넷	현직원	경기	 0 	False
2015/2/4	에스케이플래닛(주)	700	20564	81469	2.0	4.0	4.0	2.0	1.0	0	0	마케팅/시장조사	전직원	서울	 1 	False
2015/2/3	에스케이플래닛(주)	700	20564	81332	3.0	4.0	3.0	5.0	2.0	1	1	IT/인터넷	전직원	서울	 0 	False
2015/2/25	네이버(주)	700	42217	86568	4.0	5.0	3.0	4.0	4.0	1	1	IT/인터넷	전직원	경기	 0 	False
2015/2/11	네이버(주)	700	42217	83589	3.0	4.0	3.0	4.0	3.0	1	1	IT/인터넷	현직원	경기	 0 	False
2015/2/9	네이버(주)	700	42217	83051	3.0	4.0	3.0	4.0	4.0	1	1	경영/기획/컨설팅	전직원	경기	 0 	False
2015/2/9	네이버(주)	700	42217	82859	3.0	4.0	3.0	4.0	3.0	0	1	경영/기획/컨설팅	전직원	경기	 0 	False
2015/2/3	네이버(주)	700	42217	80991	3.0	4.0	2.0	3.0	3.0	1	1	경영/기획/컨설팅	현직원	경기	 0 	False
2015/2/2	네이버(주)	700	42217	80830	1.0	3.0	4.0	2.0	2.0	0	1	IT/인터넷	전직원	경기	 0 	False
2015/2/1	네이버(주)	700	42217	80608	3.0	5.0	4.0	4.0	4.0	1	1	IT/인터넷	전직원	경기	 0 	False
2015/2/20	사람인에이치알(주)	700	74164	85305	3.0	3.0	4.0	4.0	3.0	1	1	경영/기획/컨설팅	전직원	서울	 0 	False
2015/2/20	사람인에이치알(주)	700	74164	85287	4.0	4.0	3.0	4.0	4.0	1	1	IT/인터넷	현직원	서울	 1 	True
2015/2/17	사람인에이치알(주)	700	74164	84906	3.0	2.0	4.0	4.0	3.0	1	1	IT/인터넷	현직원	서울	 1 	True
2015/2/16	사람인에이치알(주)	700	74164	84805	2.0	2.0	4.0	4.0	2.0	0	1	IT/인터넷	전직원	서울	 1 	False
2015/2/16	사람인에이치알(주)	700	74164	84613	2.0	3.0	5.0	4.0	3.0	1	1	경영/기획/컨설팅	전직원	서울	 1 	False
2015/2/11	사람인에이치알(주)	700	74164	83632	4.0	3.0	3.0	3.0	4.0	1	1	IT/인터넷	현직원	서울	 1 	False
2015/2/9	사람인에이치알(주)	700	74164	82915	3.0	2.0	2.0	3.0	3.0	1	1	IT/인터넷	현직원	서울	 1 	False
2015/2/8	사람인에이치알(주)	700	74164	82526	3.0	3.0	3.0	4.0	3.0	1	1	미디어/홍보	전직원		 1 	False
2015/2/5	사람인에이치알(주)	700	74164	81724	3.0	3.0	4.0	4.0	3.0	1	1	경영/기획/컨설팅	전직원	서울	 2 	False
2015/2/1	사람인에이치알(주)	700	74164	80563	1.0	1.0	3.0	2.0	1.0	0	1	영업/제휴	전직원	서울	 5 	False
2015/2/26	한국아이비엠(주)	700	3386	87042	3.0	4.0	3.0	3.0	4.0	1	1	기타	전직원	서울	 0 	False
2015/2/19	한국아이비엠(주)	700	3386	85218	2.0	2.0	1.0	4.0	1.0	0	0	IT/인터넷	전직원	서울	 1 	False
2015/2/17	한국아이비엠(주)	700	3386	85040	2.0	2.0	4.0	4.0	3.0	0	0	영업/제휴	현직원	서울	 0 	False
2015/2/9	한국아이비엠(주)	700	3386	83055	3.0	3.0	1.0	3.0	3.0	0	0	IT/인터넷	전직원	서울	 0 	False
2015/2/9	한국아이비엠(주)	700	3386	82972	2.0	2.0	3.0	2.0	2.0	0	1	IT/인터넷	전직원	서울	 0 	False
2015/2/8	한국아이비엠(주)	700	3386	82710	1.0	3.0	2.0	3.0	2.0	0	1	IT/인터넷	현직원	서울	 0 	False
2015/2/8	한국아이비엠(주)	700	3386	82692	2.0	2.0	2.0	3.0	3.0	0	0	영업/제휴	현직원	서울	 0 	False
2015/2/7	한국아이비엠(주)	700	3386	82348	4.0	2.0	4.0	5.0	3.0	1	1	경영/기획/컨설팅	현직원	서울	 3 	False
2015/2/5	한국아이비엠(주)	700	3386	81900	5.0	1.0	3.0	4.0	3.0	0	0	경영/기획/컨설팅	전직원	서울	 1 	False
2015/2/4	한국아이비엠(주)	700	3386	81377	1.0	1.0	1.0	1.0	1.0	0	0	IT/인터넷	전직원	서울	 1 	False
2015/2/2	한국아이비엠(주)	700	3386	80926	4.0	3.0	3.0	4.0	2.0	0	0	IT/인터넷	현직원	서울	 1 	False
2015/2/26	에스케이인포섹(주)	700	13055	86957	3.0	1.0	2.0	2.0	2.0	0	1	IT/인터넷	현직원	서울	 1 	False
2015/2/23	에스케이인포섹(주)	700	13055	85713	1.0	2.0	3.0	4.0	2.0	0	1	IT/인터넷	현직원	경기	 1 	False
2015/2/17	에스케이인포섹(주)	700	13055	84830	3.0	2.0	3.0	3.0	2.0	1	1	IT/인터넷	현직원	서울	 0 	False
2015/2/12	에스케이인포섹(주)	700	13055	83888	3.0	2.0	1.0	1.0	2.0	0	1	IT/인터넷	현직원	서울	 0 	False
2015/2/11	에스케이인포섹(주)	700	13055	83480	1.0	2.0	1.0	1.0	1.0	0	0	기타	전직원	서울	 0 	False
2015/2/3	에스케이인포섹(주)	700	13055	81101	2.0	1.0	1.0	2.0	1.0	0	0	IT/인터넷	전직원	서울	 1 	False
2015/2/26	에스케이텔레콤(주)	700	20575	86807	3.0	5.0	4.0	3.0	3.0	1	1	IT/인터넷	현직원	서울	 0 	False
2015/2/24	에스케이텔레콤(주)	700	20575	86049	2.0	5.0	4.0	5.0	3.0	1	1	IT/인터넷	현직원	서울	 4 	False
2015/2/11	에스케이텔레콤(주)	700	20575	83695	3.0	5.0	5.0	3.0	3.0	1	1	경영/기획/컨설팅	현직원	서울	 0 	False
2015/2/10	에스케이텔레콤(주)	700	20575	83219	3.0	4.0	2.0	4.0	3.0	1	1	영업/제휴	전직원	경기	 2 	False
2015/2/7	에스케이텔레콤(주)	700	20575	82502	4.0	5.0	3.0	4.0	3.0	1	1	IT/인터넷	현직원	광주	 1 	False
2015/2/7	에스케이텔레콤(주)	700	20575	82354	4.0	5.0	3.0	5.0	4.0	1	1	교육	전직원	경기	 0 	False
2015/2/2	에스케이텔레콤(주)	700	20575	80674	4.0	5.0	5.0	4.0	3.0	1	1	IT/인터넷	현직원	서울	 2 	False
2015/2/26	(주)엔씨소프트	700	64418	86799	3.0	3.0	1.0	3.0	3.0	0	0	IT/인터넷	현직원	경기	 0 	False
2015/2/17	(주)엔씨소프트	700	64418	84884	3.0	4.0	3.0	2.0	2.0	0	1	IT/인터넷	현직원	경기	 0 	False
2015/2/16	(주)엔씨소프트	700	64418	84609	3.0	3.0	3.0	3.0	1.0	1	1	경영/기획/컨설팅	전직원	서울	 1 	False
2015/2/14	(주)엔씨소프트	700	64418	84372	3.0	3.0	2.0	2.0	2.0	0	1	IT/인터넷	현직원	경기	 0 	False
2015/2/21	(주)넥슨코리아	700	83498	85413	3.0	4.0	4.0	4.0	3.0	1	1	기타	현직원	경기	 0 	False
2015/2/20	(주)넥슨코리아	700	83498	85347	1.0	3.0	2.0	2.0	1.0	0	0	IT/인터넷	전직원	서울	 1 	False
2015/2/10	(주)넥슨코리아	700	83498	83381	3.0	2.0	3.0	3.0	3.0	1	1	IT/인터넷	현직원	서울	 0 	False
2015/2/7	(주)넥슨코리아	700	83498	82479	3.0	3.0	4.0	4.0	3.0	1	1	디자인	전직원	경기	 9 	True
2015/2/24	롯데정보통신(주)	700	35657	86010	3.0	4.0	2.0	3.0	2.0	0	1	IT/인터넷	현직원	서울	 1 	False
2015/2/11	롯데정보통신(주)	700	35657	83618	2.0	3.0	3.0	3.0	2.0	0	1	IT/인터넷	전직원	서울	 0 	False
2015/2/8	롯데정보통신(주)	700	35657	82633	2.0	3.0	2.0	2.0	3.0	1	1	IT/인터넷	전직원	서울	 0 	False
2015/2/7	롯데정보통신(주)	700	35657	82462	4.0	3.0	1.0	3.0	3.0	0	1	IT/인터넷	현직원	서울	 0 	False
2015/2/4	롯데정보통신(주)	700	35657	81530	3.0	2.0	1.0	2.0	3.0	0	0	IT/인터넷	전직원	서울	 0 	False
2015/2/23	(주)카카오	700	93880	85730	3.0	4.0	5.0	4.0	4.0	1	1	IT/인터넷	전직원	경기	 3 	False
2015/2/20	(주)카카오	700	93880	85362	3.0	3.0	4.0	4.0	2.0	1	1	디자인	현직원	서울	 3 	False
2015/2/4	(주)카카오	700	93880	81618	3.0	4.0	2.0	4.0	3.0	1	1	IT/인터넷	현직원	경기	 1 	False
2015/2/23	인터파크(주)	700	57834	85963	1.0	2.0	1.0	1.0	1.0	0	0	IT/인터넷	현직원	서울	 1 	False
2015/2/23	인터파크(주)	700	57834	85688	4.0	3.0	3.0	3.0	3.0	1	1	경영/기획/컨설팅	현직원	서울	 0 	False
2015/2/13	인터파크(주)	700	57834	84064	1.0	2.0	2.0	2.0	1.0	0	1	IT/인터넷	전직원	경기	 0 	False
2015/2/8	인터파크(주)	700	57834	82681	3.0	3.0	2.0	2.0	2.0	0	1	IT/인터넷	전직원	서울	 0 	False
2015/2/26	(주)더존비즈온	700	81407	87025	3.0	2.0	2.0	2.0	2.0	0	1	IT/인터넷	현직원	강원	 1 	False
2015/2/22	(주)더존비즈온	700	81407	85526	2.0	3.0	2.0	3.0	2.0	1	1	IT/인터넷	현직원	강원	 0 	False
2015/2/15	(주)더존비즈온	700	81407	84590	3.0	2.0	3.0	3.0	2.0	0	1	IT/인터넷	현직원		 1 	False
2015/2/1	(주)더존비즈온	700	81407	80521	3.0	3.0	3.0	1.0	1.0	0	0	IT/인터넷	현직원	강원	 1 	False
2015/2/22	카페24(주)	700	23717	85533	1.0	2.0	5.0	3.0	4.0	1	1	영업/제휴	현직원	서울	 0 	False
2015/2/21	카페24(주)	700	23717	85450	3.0	4.0	5.0	3.0	3.0	1	1	IT/인터넷	현직원	서울	 0 	False
2015/2/11	카페24(주)	700	23717	83457	3.0	5.0	5.0	4.0	4.0	1	1	전문직	현직원	서울	 0 	False
2015/2/10	카페24(주)	700	23717	83236	3.0	4.0	5.0	4.0	3.0	1	1	마케팅/시장조사	현직원	서울	 1 	False
2015/2/5	카페24(주)	700	23717	81968	2.0	4.0	4.0	3.0	2.0	1	1	IT/인터넷	전직원	경기	 2 	False
2015/2/5	카페24(주)	700	23717	81911	1.0	3.0	4.0	2.0	1.0	0	0	IT/인터넷	전직원	서울	 4 	False
2015/2/5	카페24(주)	700	23717	81864	3.0	2.0	3.0	2.0	3.0	1	1	기타	현직원	서울	 3 	False
2015/2/4	카페24(주)	700	23717	81613	4.0	4.0	4.0	4.0	4.0	1	1	IT/인터넷	전직원	서울	 1 	False
2015/2/3	카페24(주)	700	23717	80961	3.0	4.0	3.0	4.0	3.0	1	1	IT/인터넷	현직원	서울	 0 	False
2015/2/2	카페24(주)	700	23717	80941	3.0	4.0	5.0	4.0	3.0	1	1	IT/인터넷	현직원	서울	 0 	False
2015/2/26	(주)미미박스	700	76603	86777	4.0	2.0	2.0	4.0	3.0	0	1	영업/제휴	전직원	서울	 3 	False
2015/2/11	(주)미미박스	700	76603	83585	4.0	1.0	2.0	2.0	2.0	0	1	경영/기획/컨설팅	전직원	서울	 1 	False
2015/2/27	케이티씨에스(주)	700	53174	87384	2.0	1.0	3.0	1.0	1.0	0	0	경영/기획/컨설팅	현직원	기타	 4 	False
2015/2/26	케이티씨에스(주)	700	53174	86839	4.0	1.0	1.0	1.0	1.0	0	0	서비스/고객지원	전직원	서울	 0 	False
2015/2/26	케이티씨에스(주)	700	53174	86834	4.0	1.0	1.0	2.0	1.0	1	1	영업/제휴	전직원	서울	 0 	False
2015/2/9	케이티씨에스(주)	700	53174	83030	3.0	3.0	3.0	3.0	3.0	0	1	영업/제휴	전직원	부산	 0 	False
2015/2/23	(주)야놀자	700	89637	85737	4.0	3.0	4.0	4.0	4.0	1	1	서비스/고객지원	전직원	서울	 4 	False
2015/2/17	(주)야놀자	700	89637	84936	3.0	3.0	1.0	1.0	2.0	0	1	디자인	전직원	서울	 20 	False
2015/2/10	(주)야놀자	700	89637	83290	2.0	2.0	1.0	3.0	1.0	0	0	기타	전직원		 3 	False
2015/2/5	(주)야놀자	700	89637	81828	4.0	3.0	3.0	3.0	3.0	1	1	디자인	현직원	서울	 1 	False
2015/2/5	(주)야놀자	700	89637	81814	4.0	2.0	3.0	3.0	3.0	1	1	디자인	현직원	서울	 1 	False
2015/2/28	오픈타이드코리아(주)	700	62227	87573	4.0	4.0	2.0	1.0	1.0	1	1	IT/인터넷	현직원	서울	 0 	False
2015/2/26	오픈타이드코리아(주)	700	62227	87078	3.0	3.0	3.0	3.0	1.0	0	0	IT/인터넷	현직원	경기	 3 	False
2015/2/23	오픈타이드코리아(주)	700	62227	85913	3.0	3.0	4.0	3.0	4.0	1	1	IT/인터넷	전직원	경기	 1 	False
2015/2/15	오픈타이드코리아(주)	700	62227	84600	3.0	4.0	1.0	3.0	4.0	1	1	경영/기획/컨설팅	전직원	서울	 0 	False
2015/2/14	오픈타이드코리아(주)	700	62227	84360	3.0	4.0	3.0	3.0	3.0	0	1	IT/인터넷	현직원	충남	 0 	False
2015/2/12	오픈타이드코리아(주)	700	62227	83983	2.0	3.0	3.0	3.0	2.0	0	0	IT/인터넷	현직원	서울	 3 	False
2015/2/11	오픈타이드코리아(주)	700	62227	83514	2.0	4.0	3.0	2.0	2.0	0	1	IT/인터넷	현직원	서울	 0 	False
2015/2/11	오픈타이드코리아(주)	700	62227	83485	3.0	3.0	3.0	3.0	2.0	0	1	전문직	전직원	경기	 0 	False
2015/2/10	오픈타이드코리아(주)	700	62227	83196	1.0	3.0	4.0	2.0	1.0	0	1	IT/인터넷	현직원	서울	 0 	False
2015/2/10	오픈타이드코리아(주)	700	62227	83148	3.0	4.0	3.0	1.0	1.0	0	0	IT/인터넷	현직원	서울	 3 	False
2015/2/8	오픈타이드코리아(주)	700	62227	82627	3.0	3.0	3.0	1.0	1.0	0	0	IT/인터넷	현직원	서울	 10 	False
2015/2/3	오픈타이드코리아(주)	700	62227	81146	3.0	4.0	3.0	3.0	2.0	0	0	IT/인터넷	현직원	경기	 0 	False
2015/2/2	오픈타이드코리아(주)	700	62227	80925	3.0	4.0	4.0	3.0	3.0	1	1	IT/인터넷	현직원	경기	 1 	False
2015/2/26	에스케이(주)	700	20613	87073	3.0	3.0	5.0	4.0	3.0	0	1	IT/인터넷	현직원	경기	 0 	False
2015/2/26	에스케이(주)	700	20613	86888	3.0	3.0	4.0	3.0	3.0	1	1	경영/기획/컨설팅	현직원	경기	 0 	False
2015/2/25	에스케이(주)	700	20613	86675	2.0	5.0	5.0	4.0	3.0	1	1	IT/인터넷	전직원	경기	 0 	False
2015/2/16	에스케이(주)	700	20613	84625	2.0	3.0	4.0	3.0	1.0	0	0	IT/인터넷	현직원	경기	 0 	False
2015/2/12	에스케이(주)	700	20613	83980	3.0	3.0	3.0	3.0	1.0	0	0	IT/인터넷	현직원	서울	 1 	False
2015/2/11	에스케이(주)	700	20613	83507	2.0	4.0	4.0	3.0	2.0	0	1	IT/인터넷	현직원	서울	 0 	False
2015/2/8	에스케이(주)	700	20613	82623	2.0	4.0	2.0	3.0	1.0	0	1	IT/인터넷	현직원	경기	 3 	False
2015/2/24	케이티하이텔(주)	700	7468	86288	3.0	4.0	4.0	4.0	3.0	1	1	IT/인터넷	전직원	서울	 0 	False
2015/2/24	케이티하이텔(주)	700	7468	86199	3.0	3.0	4.0	4.0	3.0	1	1	서비스/고객지원	전직원	서울	 0 	False
2015/2/22	케이티하이텔(주)	700	7468	85490	4.0	4.0	4.0	4.0	4.0	1	1	경영/기획/컨설팅	현직원	서울	 1 	False
2015/2/14	케이티하이텔(주)	700	7468	84332	4.0	3.0	4.0	2.0	2.0	0	1	IT/인터넷	현직원	서울	 1 	False
2015/2/4	케이티하이텔(주)	700	7468	81346	1.0	1.0	1.0	1.0	1.0	0	0	디자인	현직원	서울	 1 	False
2015/2/28	엘에스산전(주)	700	19566	87444	3.0	4.0	4.0	3.0	3.0	1	1	생산/제조	현직원	경기	 0 	False
2015/2/26	엘에스산전(주)	700	19566	86955	3.0	4.0	4.0	4.0	3.0	1	1	경영/기획/컨설팅	전직원	경기	 0 	False
2015/2/26	엘에스산전(주)	700	19566	86902	3.0	4.0	5.0	3.0	3.0	1	1	경영/기획/컨설팅	전직원	경기	 0 	False
2015/2/15	엘에스산전(주)	700	19566	84581	3.0	4.0	4.0	5.0	4.0	1	1	기타	현직원	경기	 18 	True
2015/2/14	엘에스산전(주)	700	19566	84342	4.0	4.0	5.0	4.0	3.0	1	1	연구개발	현직원	충북	 0 	False
2015/2/4	(주)티맥스소프트	700	50992	81438	4.0	4.0	1.0	4.0	2.0	1	1	IT/인터넷	현직원	경기	 1 	False
2015/2/2	(주)티맥스소프트	700	50992	80867	3.0	3.0	4.0	3.0	3.0	1	1	IT/인터넷	전직원	경기	 1 	False
2015/2/25	(주)롯데닷컴	700	78633	86418	3.0	1.0	4.0	4.0	3.0	0	1	경영/기획/컨설팅	전직원		 0 	False
2015/2/24	(주)롯데닷컴	700	78633	86206	3.0	3.0	3.0	3.0	3.0	0	1	유통/무역	전직원	서울	 1 	False
2015/2/4	(주)롯데닷컴	700	78633	81511	3.0	2.0	4.0	5.0	3.0	1	1	기타	현직원	서울	 0 	False
2015/2/24	(주)다우기술	700	82790	86029	3.0	3.0	2.0	2.0	2.0	0	1	IT/인터넷	현직원	경기	 0 	False
2015/2/23	(주)다우기술	700	82790	85912	3.0	2.0	4.0	4.0	3.0	1	1	경영/기획/컨설팅	전직원	경기	 1 	False
2015/2/22	(주)다우기술	700	82790	85512	2.0	4.0	4.0	5.0	4.0	0	1	영업/제휴	현직원	서울	 1 	False
2015/2/13	(주)다우기술	700	82790	84243	3.0	4.0	3.0	4.0	3.0	1	1	IT/인터넷	전직원	경기	 0 	False
2015/2/10	(주)다우기술	700	82790	83371	3.0	3.0	2.0	2.0	2.0	1	1	IT/인터넷	현직원	경기	 0 	False
2015/2/10	(주)다우기술	700	82790	83218	3.0	3.0	3.0	2.0	2.0	0	1	IT/인터넷	현직원	경기	 1 	False
2015/2/26	에스케이커뮤니케이션즈(주)	700	20582	87043	3.0	3.0	3.0	4.0	3.0	0	1	IT/인터넷	전직원	서울	 0 	False
2015/2/17	에스케이커뮤니케이션즈(주)	700	20582	84987	2.0	3.0	3.0	3.0	2.0	0	0	IT/인터넷	전직원	서울	 0 	False
2015/2/13	에스케이커뮤니케이션즈(주)	700	20582	84048	1.0	2.0	5.0	3.0	2.0	0	0	IT/인터넷	현직원	서울	 1 	False
2015/2/11	에스케이커뮤니케이션즈(주)	700	20582	83634	4.0	3.0	3.0	4.0	3.0	1	1	IT/인터넷	현직원	서울	 0 	False
2015/2/11	에스케이커뮤니케이션즈(주)	700	20582	83590	4.0	3.0	4.0	5.0	3.0	1	1	경영/기획/컨설팅	현직원	서울	 0 	True
2015/2/7	에스케이커뮤니케이션즈(주)	700	20582	82395	1.0	1.0	1.0	1.0	1.0	0	0	IT/인터넷	현직원	서울	 0 	False
2015/2/6	에스케이커뮤니케이션즈(주)	700	20582	82198	3.0	4.0	3.0	5.0	1.0	0	0	서비스/고객지원	전직원	서울	 0 	False
2015/2/6	에스케이커뮤니케이션즈(주)	700	20582	82085	4.0	3.0	3.0	3.0	3.0	1	1	경영/기획/컨설팅	현직원	서울	 0 	False
2015/2/25	요기요	700	88549	86494	2.0	2.0	1.0	3.0	2.0	0	0	경영/기획/컨설팅	전직원	서울	 0 	False
2015/2/28	케이티디에스(주)	700	53189	87497	2.0	2.0	5.0	3.0	3.0	0	1	IT/인터넷	전직원	서울	 0 	False
2015/2/28	케이티디에스(주)	700	53189	87443	2.0	3.0	3.0	3.0	2.0	1	1	IT/인터넷	현직원	서울	 0 	False
2015/2/22	케이티디에스(주)	700	53189	85673	3.0	2.0	3.0	4.0	3.0	1	1	IT/인터넷	현직원	서울	 1 	True
2015/2/18	케이티디에스(주)	700	53189	85075	2.0	1.0	1.0	4.0	1.0	0	1	IT/인터넷	현직원	서울	 1 	False
2015/2/17	케이티디에스(주)	700	53189	84909	3.0	3.0	3.0	3.0	3.0	1	0	IT/인터넷	전직원	서울	 0 	False
2015/2/14	케이티디에스(주)	700	53189	84356	2.0	3.0	2.0	3.0	2.0	1	1	IT/인터넷	전직원	경기	 0 	False
2015/2/11	케이티디에스(주)	700	53189	83511	3.0	3.0	3.0	3.0	1.0	1	1	IT/인터넷	현직원	경기	 0 	False
2015/2/1	케이티디에스(주)	700	53189	80539	4.0	4.0	4.0	5.0	4.0	1	1	IT/인터넷	현직원	서울	 0 	False
2015/2/25	엔에이치엔(주)	700	88463	86402	3.0	4.0	4.0	5.0	2.0	1	1	IT/인터넷	현직원	경기	 1 	False
2015/2/16	엔에이치엔(주)	700	88463	84605	3.0	4.0	1.0	4.0	1.0	0	1	IT/인터넷	현직원	경기	 0 	False
2015/2/8	엔에이치엔(주)	700	88463	82745	3.0	3.0	4.0	4.0	4.0	1	1	IT/인터넷	전직원	경기	 1 	False
2015/2/7	엔에이치엔(주)	700	88463	82379	3.0	4.0	3.0	4.0	3.0	1	1	IT/인터넷	현직원	경기	 1 	False
2015/2/18	(주)케이티스	700	53178	85055	2.0	2.0	3.0	3.0	3.0	0	1	영업/제휴	전직원	경기	 1 	False
2015/2/3	(주)케이티스	700	53178	80964	1.0	1.0	3.0	3.0	1.0	0	1	영업/제휴	전직원	경기	 0 	False
2015/2/27	(주)마이다스아이티	700	78090	87213	3.0	3.0	1.0	2.0	2.0	0	1	IT/인터넷	전직원	경기	 0 	False
2015/2/26	(주)마이다스아이티	700	78090	86776	4.0	4.0	4.0	5.0	5.0	1	1	IT/인터넷	전직원		 4 	False
2015/2/14	(주)마이다스아이티	700	78090	84304	2.0	3.0	1.0	3.0	1.0	0	0	IT/인터넷	현직원	경기	 9 	False
2015/2/11	(주)마이다스아이티	700	78090	83489	4.0	4.0	2.0	4.0	4.0	0	1	기타	현직원	경기	 8 	True
2015/2/5	(주)마이다스아이티	700	78090	81955	2.0	5.0	1.0	4.0	4.0	1	1	엔지니어링	전직원	경기	 6 	False
2015/2/12	(주)코리아센터	700	52955	83950	3.0	4.0	3.0	3.0	3.0	1	1	IT/인터넷	전직원	서울	 7 	True
2015/2/16	인크루트알바콜(주)	700	88675	84744	2.0	1.0	2.0	2.0	2.0	0	0	전문직	현직원	서울	 1 	False
2015/2/9	인크루트알바콜(주)	700	88675	83047	2.0	2.0	2.0	3.0	4.0	0	0	미디어/홍보	현직원	경기	 1 	False
2015/2/8	인크루트알바콜(주)	700	88675	82628	3.0	2.0	3.0	4.0	3.0	0	1	경영/기획/컨설팅	현직원	서울	 0 	False
2015/2/5	인크루트알바콜(주)	700	88675	81877	3.0	1.0	4.0	3.0	3.0	0	1	IT/인터넷	현직원	서울	 1 	False
2015/2/2	인크루트알바콜(주)	700	88675	80841	3.0	3.0	4.0	4.0	3.0	1	1	경영/기획/컨설팅	현직원	서울	 0 	False
2015/2/10	미라콤아이앤씨(주)	700	76814	83203	3.0	3.0	1.0	1.0	3.0	0	1	디자인	전직원		 1 	False
2015/2/25	티시스(주)	700	50946	86709	3.0	3.0	3.0	3.0	3.0	1	1	IT/인터넷	현직원	서울	 0 	False
2015/2/25	티시스(주)	700	50946	86561	1.0	3.0	1.0	1.0	1.0	0	0	IT/인터넷	전직원	서울	 4 	False
2015/2/10	티시스(주)	700	50946	83118	2.0	1.0	1.0	5.0	1.0	0	0	디자인	전직원	서울	 0 	False
2015/2/9	티시스(주)	700	50946	82799	4.0	2.0	3.0	2.0	2.0	0	1	경영/기획/컨설팅	현직원	서울	 0 	False
2015/2/24	인피닉(주)	700	57685	86085	3.0	2.0	3.0	1.0	1.0	0	1	IT/인터넷	전직원	서울	 0 	False
2015/2/3	인피닉(주)	700	57685	81067	3.0	3.0	3.0	3.0	3.0	0	1	IT/인터넷	현직원	경기	 4 	False
2015/2/24	라인플러스(주)	700	89255	86344	2.0	4.0	2.0	4.0	3.0	1	1	디자인	현직원	경기	 23 	False
2015/2/17	라인플러스(주)	700	89255	84877	5.0	4.0	2.0	4.0	5.0	0	1	디자인	현직원	경기	 23 	False
2015/2/6	이씨이십일(주)	700	58813	82150	4.0	1.0	1.0	4.0	2.0	0	1	경영/기획/컨설팅	전직원		 1 	False
2015/2/12	다음커뮤니케이션(주)	700	82715	84008	4.0	2.0	3.0	4.0	2.0	1	1	IT/인터넷	전직원	서울	 0 	False
2015/2/27	(주)커리어넷	700	91387	87236	3.0	3.0	3.0	2.0	2.0	0	1	기타	현직원	서울	 0 	False
2015/2/21	(주)커리어넷	700	91387	85383	3.0	1.0	2.0	3.0	1.0	0	1	기타	현직원	서울	 2 	False
2015/2/12	(주)커리어넷	700	91387	83904	1.0	1.0	1.0	1.0	1.0	0	0	IT/인터넷	전직원	서울	 5 	False
2015/2/8	(주)커리어넷	700	91387	82564	4.0	3.0	3.0	3.0	3.0	0	1	서비스/고객지원	현직원	서울	 0 	False
2015/2/27	팅크웨어(주)	700	5406	87155	4.0	2.0	2.0	4.0	3.0	0	1	IT/인터넷	현직원	경기	 1 	False
2015/2/26	팅크웨어(주)	700	5406	86811	3.0	2.0	1.0	2.0	3.0	0	1	IT/인터넷	전직원	서울	 1 	False
2015/2/10	팅크웨어(주)	700	5406	83179	2.0	1.0	2.0	2.0	2.0	0	0	IT/인터넷	전직원	경기	 2 	False
2015/2/3	팅크웨어(주)	700	5406	80987	2.0	2.0	2.0	1.0	2.0	0	0	IT/인터넷	현직원	경기	 0 	False
2015/2/27	(주)신한디에스	700	69740	87158	2.0	1.0	1.0	2.0	2.0	0	1	IT/인터넷	현직원	서울	 0 	False
2015/2/3	(주)신한디에스	700	69740	81334	2.0	1.0	1.0	1.0	2.0	0	1	IT/인터넷	현직원	서울	 0 	False
2015/2/25	나이스평가정보(주)	700	42722	86463	3.0	5.0	2.0	5.0	2.0	1	1	IT/인터넷	현직원	서울	 6 	False
2015/2/23	나이스평가정보(주)	700	42722	85683	3.0	5.0	5.0	5.0	5.0	1	1	영업/제휴	전직원	서울	 2 	False
2015/2/17	나이스평가정보(주)	700	42722	84861	4.0	5.0	3.0	4.0	3.0	1	1	경영/기획/컨설팅	현직원	서울	 1 	False
2015/2/15	나이스평가정보(주)	700	42722	84492	4.0	5.0	3.0	5.0	3.0	1	1	경영/기획/컨설팅	현직원	서울	 24 	True
2015/2/13	나이스평가정보(주)	700	42722	84258	1.0	3.0	4.0	3.0	2.0	0	1	IT/인터넷	전직원	서울	 4 	False
2015/2/12	나이스평가정보(주)	700	42722	83913	1.0	3.0	4.0	3.0	3.0	0	1	IT/인터넷	현직원	서울	 4 	False
2015/2/10	(주)이글루시큐리티	700	59375	83093	3.0	3.0	2.0	2.0	2.0	0	0	IT/인터넷	현직원		 0 	False
2015/2/3	(주)이글루시큐리티	700	59375	81046	3.0	3.0	2.0	3.0	2.0	1	1	IT/인터넷	전직원	서울	 0 	False
2015/2/25	엔테크서비스(주)	700	19802	86758	2.0	3.0	3.0	3.0	2.0	0	1	IT/인터넷	현직원	경기	 5 	True
2015/2/25	엔테크서비스(주)	700	19802	86754	3.0	2.0	4.0	4.0	3.0	1	1	IT/인터넷	전직원	경기	 1 	True
2015/2/24	엔테크서비스(주)	700	19802	86283	3.0	2.0	2.0	4.0	2.0	1	1	IT/인터넷	전직원	경기	 1 	False
2015/2/23	씨제이씨지브이(주)	800	23197	85790	4.0	4.0	2.0	3.0	3.0	1	1	서비스/고객지원	전직원	강원	 0 	False
2015/2/11	씨제이씨지브이(주)	800	23197	83607	3.0	3.0	3.0	3.0	3.0	1	1	서비스/고객지원	전직원	부산	 0 	False
2015/2/5	씨제이씨지브이(주)	800	23197	81758	3.0	2.0	3.0	3.0	1.0	0	0	경영/기획/컨설팅	현직원	서울	 2 	False
2015/2/4	씨제이씨지브이(주)	800	23197	81553	4.0	3.0	2.0	4.0	4.0	1	1	경영/기획/컨설팅	현직원	서울	 1 	False
2015/2/27	씨제이이앤엠(주)	800	23192	87317	1.0	2.0	1.0	2.0	4.0	0	1	미디어/홍보	전직원	서울	 3 	False
2015/2/18	씨제이이앤엠(주)	800	23192	85064	2.0	4.0	1.0	3.0	2.0	1	1	디자인	현직원	서울	 0 	False
2015/2/10	씨제이이앤엠(주)	800	23192	83106	3.0	3.0	3.0	4.0	3.0	1	1	디자인	전직원	서울	 0 	False
2015/2/2	씨제이이앤엠(주)	800	23192	80798	3.0	2.0	3.0	3.0	1.0	0	1	IT/인터넷	전직원	서울	 0 	False
2015/2/24	(주)교원	800	85230	86314	3.0	3.0	2.0	2.0	2.0	0	1	경영/기획/컨설팅	현직원	기타	 0 	False
2015/2/13	(주)교원	800	85230	84246	1.0	1.0	1.0	1.0	1.0	0	0	교육	현직원	서울	 3 	False
2015/2/10	(주)교원	800	85230	83325	2.0	3.0	2.0	3.0	1.0	1	0	기타	현직원	서울	 0 	False
2015/2/26	제일기획(주)	800	56274	86877	3.0	4.0	3.0	4.0	3.0	1	1	경영/기획/컨설팅	현직원	서울	 0 	False
2015/2/10	제일기획(주)	800	56274	83113	4.0	5.0	3.0	5.0	3.0	1	1	미디어/홍보	현직원	서울	 1 	False
2015/2/2	제일기획(주)	800	56274	80815	3.0	3.0	2.0	4.0	2.0	1	1	미디어/홍보	전직원	서울	 0 	False
2015/2/9	메가박스중앙(주)	800	34786	82846	2.0	2.0	2.0	2.0	2.0	0	1	경영/기획/컨설팅	전직원	서울	 0 	False
2015/2/20	문화방송(주)	800	76973	85310	1.0	3.0	1.0	1.0	1.0	0	0	전문직	전직원	서울	 0 	False
2015/2/20	문화방송(주)	800	76973	85304	2.0	2.0	2.0	3.0	3.0	0	1	미디어/홍보	현직원	서울	 0 	False
2015/2/26	(주)스펙업애드	800	89314	87013	3.0	2.0	4.0	4.0	3.0	0	1	미디어/홍보	전직원	서울	 2 	False
2015/2/25	(주)스펙업애드	800	89314	86703	3.0	3.0	3.0	4.0	3.0	1	1	기타	전직원	서울	 0 	False
2015/2/19	(주)스펙업애드	800	89314	85250	4.0	2.0	4.0	5.0	3.0	1	1	경영/기획/컨설팅	전직원	서울	 0 	False
2015/2/11	(주)이엠넷	800	58561	83524	3.0	3.0	2.0	4.0	4.0	0	1	영업/제휴	전직원	서울	 0 	False
2015/2/27	한국방송공사	800	86777	87165	2.0	2.0	1.0	1.0	2.0	0	1	기타	현직원		 0 	False
2015/2/1	한국방송공사	800	86777	80502	2.0	3.0	5.0	3.0	2.0	1	1	전문직	현직원	서울	 2 	False
2015/2/5	(주)비상교육	800	74871	81984	3.0	4.0	3.0	4.0	3.0	1	1	교육	전직원	서울	 0 	False
2015/2/4	(주)비상교육	800	74871	81537	2.0	3.0	4.0	4.0	3.0	0	0	경영/기획/컨설팅	전직원	서울	 0 	False
2015/2/25	(주)에코마케팅	800	87196	86403	4.0	2.0	1.0	3.0	2.0	0	0	기타	전직원	서울	 4 	False
2015/2/13	(주)에코마케팅	800	87196	84144	5.0	5.0	5.0	5.0	5.0	1	1	미디어/홍보	현직원	서울	 4 	False
2015/2/13	천재교육(주)	800	54396	84084	3.0	3.0	5.0	5.0	3.0	1	1	IT/인터넷	현직원	서울	 0 	False
2015/2/10	천재교육(주)	800	54396	83137	2.0	3.0	4.0	3.0	2.0	0	1	디자인	현직원	서울	 3 	False
2015/2/3	천재교육(주)	800	54396	81079	1.0	1.0	1.0	1.0	1.0	0	0	IT/인터넷	전직원	서울	 1 	False
2015/2/22	(주)소셜엠씨	800	71411	85575	3.0	1.0	1.0	1.0	1.0	0	1	경영/기획/컨설팅	전직원	서울	 1 	False
2015/2/20	(주)소셜엠씨	800	71411	85307	2.0	3.0	3.0	3.0	2.0	0	1	기타	전직원	서울	 1 	False
2015/2/6	(주)소셜엠씨	800	71411	82312	3.0	2.0	4.0	2.0	3.0	0	1	IT/인터넷	현직원	서울	 1 	False
2015/2/2	(주)소셜엠씨	800	71411	80655	3.0	2.0	1.0	2.0	2.0	0	1	IT/인터넷	전직원	서울	 0 	False
2015/2/4	(주)교원구몬	800	85229	81402	3.0	3.0	2.0	3.0	3.0	0	0	기타	전직원	광주	 3 	False
2015/2/3	(주)교원구몬	800	85229	81160	3.0	4.0	1.0	2.0	3.0	0	1	영업/제휴	현직원	서울	 0 	False
2015/2/25	(주)씨제이헬로	800	68769	86697	4.0	3.0	3.0	3.0	3.0	1	1	경영/기획/컨설팅	현직원	부산	 0 	False
2015/2/25	(주)씨제이헬로	800	68769	86461	3.0	4.0	4.0	4.0	3.0	1	1	미디어/홍보	전직원	서울	 0 	False
2015/2/25	(주)씨제이헬로	800	68769	86445	5.0	2.0	4.0	3.0	2.0	0	1	IT/인터넷	현직원	경기	 0 	False
2015/2/22	(주)씨제이헬로	800	68769	85505	3.0	4.0	3.0	3.0	2.0	0	1	경영/기획/컨설팅	전직원	서울	 0 	False
2015/2/16	(주)씨제이헬로	800	68769	84639	3.0	3.0	1.0	2.0	2.0	0	0	영업/제휴	현직원	서울	 0 	False
2015/2/27	에스엠엔터테인먼트(주)	800	65748	87378	3.0	3.0	3.0	4.0	2.0	1	1	IT/인터넷	전직원	서울	 13 	False
2015/2/25	에스엠엔터테인먼트(주)	800	65748	86559	2.0	2.0	2.0	3.0	3.0	1	1	경영/기획/컨설팅	전직원	서울	 4 	False
2015/2/17	(주)엠포스	800	63233	84918	1.0	2.0	3.0	3.0	1.0	0	0	IT/인터넷	전직원		 0 	False
2015/2/9	(주)엠포스	800	63233	83043	3.0	4.0	1.0	4.0	2.0	0	1	IT/인터넷	현직원	서울	 0 	False
2015/2/3	(주)엠포스	800	63233	80970	4.0	3.0	3.0	4.0	4.0	1	1	IT/인터넷	전직원	서울	 1 	False
2015/2/13	재능교육(주)	800	57193	84249	1.0	1.0	2.0	1.0	1.0	0	0	미디어/홍보	전직원	서울	 0 	False
2015/2/5	이노션(주)	800	59291	81812	3.0	5.0	2.0	4.0	4.0	1	1	경영/기획/컨설팅	전직원	서울	 0 	False
2015/2/3	이노션(주)	800	59291	80967	5.0	5.0	2.0	5.0	5.0	1	1	경영/기획/컨설팅	현직원	서울	 0 	False
2015/2/15	국민건강보험공단	900	44440	84470	2.0	4.0	5.0	3.0	2.0	1	1	경영/기획/컨설팅	전직원	충남	 1 	False
2015/2/13	국민건강보험공단	900	44440	84281	4.0	2.0	5.0	5.0	4.0	1	1	경영/기획/컨설팅	현직원	충북	 2 	False
2015/2/23	새마을금고	900	89935	85872	2.0	3.0	1.0	2.0	1.0	0	0	전문직	전직원	경기	 3 	False
2015/2/22	새마을금고	900	89935	85536	1.0	2.0	3.0	1.0	1.0	0	1	서비스/고객지원	현직원	인천	 1 	False
2015/2/10	새마을금고	900	89935	83157	3.0	3.0	3.0	3.0	2.0	0	1	영업/제휴	전직원	경기	 1 	False
2015/2/2	새마을금고	900	89935	80859	3.0	2.0	4.0	3.0	3.0	1	1	영업/제휴	현직원	서울	 0 	False
2015/2/27	중소기업은행(주)	900	55770	87199	2.0	4.0	5.0	3.0	3.0	0	1	영업/제휴	전직원	인천	 0 	False
2015/2/25	중소기업은행(주)	900	55770	86422	3.0	4.0	4.0	3.0	3.0	1	1	영업/제휴	전직원	서울	 3 	False
2015/2/24	중소기업은행(주)	900	55770	86371	3.0	3.0	2.0	2.0	1.0	0	1	경영/기획/컨설팅	현직원	서울	 0 	False
2015/2/19	중소기업은행(주)	900	55770	85222	3.0	4.0	3.0	3.0	3.0	0	1	영업/제휴	현직원	부산	 0 	False
2015/2/15	중소기업은행(주)	900	55770	84427	2.0	4.0	4.0	2.0	2.0	0	1	기타	현직원	서울	 0 	False
2015/2/11	중소기업은행(주)	900	55770	83676	3.0	3.0	3.0	4.0	3.0	1	1	영업/제휴	현직원	경기	 0 	False
2015/2/8	중소기업은행(주)	900	55770	82668	2.0	3.0	3.0	1.0	3.0	0	1	IT/인터넷	현직원	서울	 2 	False
2015/2/4	중소기업은행(주)	900	55770	81674	4.0	4.0	5.0	5.0	5.0	1	1	영업/제휴	현직원	울산	 0 	False
2015/2/26	현대카드(주)	900	1227	86950	1.0	4.0	2.0	4.0	2.0	1	1	경영/기획/컨설팅	전직원	서울	 4 	False
2015/2/18	현대카드(주)	900	1227	85151	3.0	4.0	4.0	3.0	2.0	0	1	영업/제휴	현직원	서울	 1 	False
2015/2/6	현대카드(주)	900	1227	82106	2.0	3.0	2.0	3.0	3.0	0	1	경영/기획/컨설팅	전직원	서울	 0 	False
2015/2/24	근로복지공단	900	43917	86336	3.0	1.0	4.0	3.0	2.0	0	0	서비스/고객지원	현직원	경기	 0 	False
2015/2/27	삼성생명보험(주)	900	30195	87190	3.0	4.0	1.0	3.0	3.0	0	1	영업/제휴	전직원	전남	 1 	False
2015/2/15	삼성생명보험(주)	900	30195	84434	4.0	3.0	2.0	4.0	3.0	1	1	영업/제휴	전직원	서울	 0 	False
2015/2/11	농협은행(주)	900	41466	83530	3.0	2.0	3.0	2.0	2.0	0	1	IT/인터넷	전직원	서울	 0 	False
2015/2/8	농협은행(주)	900	41466	82589	3.0	4.0	2.0	2.0	3.0	0	1	영업/제휴	현직원	울산	 0 	False
2015/2/8	농협은행(주)	900	41466	82563	3.0	4.0	5.0	3.0	3.0	1	1	영업/제휴	현직원	서울	 0 	False
2015/2/25	국민은행(주)	900	85166	86620	3.0	5.0	4.0	4.0	3.0	1	1	기타	전직원	서울	 0 	False
2015/2/6	국민은행(주)	900	85166	82118	3.0	5.0	3.0	3.0	3.0	0	0	경영/기획/컨설팅	전직원	서울	 0 	False
2015/2/16	신한은행(주)	900	69720	84642	4.0	5.0	1.0	1.0	3.0	0	1	영업/제휴	전직원	서울	 2 	False
2015/2/15	신한은행(주)	900	69720	84556	3.0	4.0	3.0	3.0	3.0	1	1	영업/제휴	현직원	서울	 0 	False
2015/2/17	현대캐피탈(주)	900	1225	85002	3.0	3.0	2.0	2.0	3.0	0	1	경영/기획/컨설팅	전직원	서울	 1 	False
2015/2/11	현대캐피탈(주)	900	1225	83532	2.0	4.0	3.0	2.0	3.0	1	1	영업/제휴	전직원	서울	 4 	False
2015/2/1	현대캐피탈(주)	900	1225	80588	4.0	4.0	4.0	5.0	4.0	1	1	경영/기획/컨설팅	현직원	서울	 0 	True
2015/2/8	국민연금공단	900	44434	82621	4.0	2.0	3.0	4.0	2.0	0	1	경영/기획/컨설팅	현직원	전북	 3 	False
2015/2/28	한국스탠다드차타드은행(주)	900	48758	87514	2.0	3.0	4.0	3.0	4.0	1	1	영업/제휴	현직원	서울	 0 	False
2015/2/25	한국스탠다드차타드은행(주)	900	48758	86458	4.0	4.0	5.0	4.0	3.0	0	1	영업/제휴	현직원	서울	 0 	False
2015/2/14	한국스탠다드차타드은행(주)	900	48758	84303	3.0	3.0	3.0	3.0	2.0	1	1	영업/제휴	현직원	서울	 0 	False
2015/2/12	한국스탠다드차타드은행(주)	900	48758	83884	2.0	3.0	2.0	4.0	4.0	0	1	경영/기획/컨설팅	전직원	서울	 0 	False
2015/2/11	한국스탠다드차타드은행(주)	900	48758	83421	4.0	4.0	4.0	4.0	3.0	1	1	영업/제휴	현직원	서울	 0 	False
2015/2/6	한국스탠다드차타드은행(주)	900	48758	82248	2.0	2.0	3.0	4.0	4.0	0	1	서비스/고객지원	전직원	서울	 2 	True
2015/2/4	한국스탠다드차타드은행(주)	900	48758	81464	4.0	2.0	4.0	3.0	3.0	1	1	경영/기획/컨설팅	전직원		 0 	False
2015/2/28	신용보증기금	900	24387	87461	3.0	4.0	4.0	3.0	3.0	1	1	경영/기획/컨설팅	전직원	경북	 1 	False
2015/2/26	신용보증기금	900	24387	86840	2.0	3.0	4.0	5.0	4.0	1	1	경영/기획/컨설팅	전직원	서울	 1 	False
2015/2/22	우리은행(주)	900	61592	85601	2.0	3.0	3.0	2.0	1.0	0	0	경영/기획/컨설팅	전직원	서울	 5 	False
2015/2/8	우리은행(주)	900	61592	82583	3.0	3.0	3.0	2.0	1.0	0	1	영업/제휴	현직원	서울	 6 	False
2015/2/1	우리은행(주)	900	61592	80585	3.0	3.0	2.0	3.0	3.0	0	1	영업/제휴	현직원	서울	 0 	False
2015/2/5	디비손해보험(주)	900	37902	81918	4.0	4.0	4.0	4.0	4.0	1	1	경영/기획/컨설팅	현직원	서울	 0 	False
2015/2/5	디비손해보험(주)	900	37902	81906	4.0	4.0	4.0	5.0	5.0	1	1	경영/기획/컨설팅	현직원	서울	 2 	False
2015/2/25	삼성화재해상보험(주)	900	30056	86692	3.0	4.0	4.0	4.0	4.0	1	1	경영/기획/컨설팅	전직원	서울	 0 	False
2015/2/26	하나은행(주)	900	49203	86842	3.0	4.0	2.0	3.0	3.0	0	1	영업/제휴	전직원	서울	 0 	False
2015/2/24	하나은행(주)	900	49203	86293	4.0	3.0	3.0	4.0	4.0	1	1	기타	전직원	서울	 0 	True
2015/2/22	하나은행(주)	900	49203	85596	3.0	4.0	2.0	2.0	2.0	1	1	영업/제휴	현직원		 0 	False
2015/2/20	하나은행(주)	900	49203	85297	4.0	4.0	4.0	4.0	4.0	0	1	영업/제휴	현직원	서울	 0 	False
2015/2/17	하나은행(주)	900	49203	84821	4.0	4.0	3.0	3.0	4.0	1	1	IT/인터넷	전직원	서울	 0 	False
2015/2/25	한화생명보험(주)	900	1987	86410	4.0	4.0	1.0	2.0	3.0	0	1	전문직	전직원	서울	 0 	False
2015/2/6	한화생명보험(주)	900	1987	82214	3.0	3.0	1.0	1.0	1.0	0	1	경영/기획/컨설팅	전직원	서울	 1 	False
2015/2/27	교보생명보험(주)	900	44594	87243	3.0	2.0	3.0	3.0	2.0	0	1	경영/기획/컨설팅	현직원	서울	 0 	False
2015/2/15	교보생명보험(주)	900	44594	84511	2.0	3.0	1.0	2.0	3.0	0	1	경영/기획/컨설팅	현직원	경기	 3 	True
2015/2/11	교보생명보험(주)	900	44594	83518	3.0	4.0	5.0	4.0	3.0	1	1	경영/기획/컨설팅	현직원	서울	 0 	False
2015/2/6	교보생명보험(주)	900	44594	82336	3.0	4.0	3.0	3.0	3.0	0	1	영업/제휴	전직원	서울	 0 	False
2015/2/5	한국산업은행	900	3508	81952	3.0	5.0	4.0	4.0	4.0	1	1	경영/기획/컨설팅	현직원	서울	 0 	False
2015/2/2	한국산업은행	900	3508	80846	5.0	4.0	4.0	4.0	3.0	1	1	금융/재무	전직원	서울	 0 	False
2015/2/1	삼성카드(주)	900	30097	80621	2.0	3.0	2.0	3.0	2.0	0	1	경영/기획/컨설팅	현직원	서울	 2 	False
2015/2/25	대한무역투자진흥공사	1000	87825	86506	4.0	3.0	4.0	3.0	3.0	1	1	경영/기획/컨설팅	전직원	서울	 0 	False
2015/2/16	대한무역투자진흥공사	1000	87825	84682	1.0	1.0	3.0	2.0	1.0	0	1	특수계층/공공	전직원	서울	 1 	False
2015/2/12	대한무역투자진흥공사	1000	87825	84009	4.0	3.0	5.0	5.0	4.0	0	1	기타	전직원		 2 	True
2015/2/6	대한무역투자진흥공사	1000	87825	82251	3.0	3.0	3.0	5.0	3.0	1	1	영업/제휴	전직원	서울	 0 	False
2015/2/27	삼일회계법인	1000	86770	87403	2.0	2.0	2.0	5.0	2.0	1	1	전문직	현직원	서울	 0 	False
2015/2/25	삼일회계법인	1000	86770	86763	3.0	3.0	3.0	4.0	3.0	1	1	서비스/고객지원	현직원	서울	 0 	False
2015/2/22	삼일회계법인	1000	86770	85624	3.0	3.0	2.0	2.0	3.0	0	1	IT/인터넷	현직원	서울	 0 	False
2015/2/18	삼일회계법인	1000	86770	85111	3.0	3.0	3.0	4.0	4.0	1	1	전문직	현직원	서울	 0 	False
2015/2/16	삼일회계법인	1000	86770	84749	3.0	3.0	1.0	1.0	1.0	0	0	전문직	현직원	서울	 1 	False
2015/2/13	삼일회계법인	1000	86770	84244	3.0	2.0	1.0	3.0	2.0	1	1	전문직	전직원	서울	 0 	False
2015/2/12	삼일회계법인	1000	86770	84002	3.0	2.0	2.0	2.0	2.0	0	1	전문직	현직원		 0 	False
2015/2/9	삼일회계법인	1000	86770	83042	3.0	3.0	3.0	4.0	3.0	1	1	전문직	현직원	서울	 0 	False
2015/2/9	삼일회계법인	1000	86770	82862	3.0	1.0	2.0	3.0	2.0	0	1	경영/기획/컨설팅	현직원	서울	 0 	False
2015/2/9	삼일회계법인	1000	86770	82751	4.0	3.0	2.0	4.0	3.0	0	1	경영/기획/컨설팅	전직원	서울	 0 	False
2015/2/8	삼일회계법인	1000	86770	82560	2.0	2.0	1.0	2.0	1.0	0	1	전문직	현직원	서울	 0 	False
2015/2/3	삼일회계법인	1000	86770	81316	2.0	1.0	1.0	3.0	2.0	0	1	금융/재무	현직원	서울	 0 	False
2015/2/2	삼일회계법인	1000	86770	80640	3.0	2.0	1.0	3.0	2.0	0	1	전문직	현직원	서울	 0 	False
2015/2/24	안진회계법인	1000	89197	86312	4.0	4.0	3.0	5.0	5.0	1	1	경영/기획/컨설팅	현직원	서울	 0 	False
2015/2/24	안진회계법인	1000	89197	86047	2.0	2.0	3.0	2.0	2.0	1	1	인사/총무	현직원	서울	 0 	False
2015/2/24	안진회계법인	1000	89197	86006	3.0	3.0	3.0	2.0	2.0	1	1	전문직	현직원	서울	 0 	False
2015/2/23	안진회계법인	1000	89197	85834	4.0	3.0	1.0	4.0	3.0	1	1	경영/기획/컨설팅	전직원	서울	 0 	False
2015/2/19	안진회계법인	1000	89197	85233	2.0	3.0	1.0	2.0	3.0	1	1	경영/기획/컨설팅	전직원	서울	 1 	True
2015/2/15	안진회계법인	1000	89197	84503	3.0	3.0	2.0	3.0	3.0	1	1	전문직	현직원	서울	 0 	True
2015/2/12	안진회계법인	1000	89197	83798	2.0	3.0	2.0	4.0	3.0	0	0	전문직	현직원	서울	 0 	False
2015/2/5	안진회계법인	1000	89197	81874	2.0	2.0	2.0	2.0	1.0	0	0	전문직	전직원	서울	 0 	False
2015/2/8	삼정회계법인	1000	91077	82567	2.0	2.0	2.0	4.0	1.0	0	1	전문직	현직원	서울	 0 	False
2015/2/4	삼정회계법인	1000	91077	81509	5.0	4.0	4.0	5.0	5.0	1	1	경영/기획/컨설팅	전직원	서울	 0 	False
2015/2/27	한영회계법인	1000	89243	87299	3.0	3.0	1.0	3.0	2.0	1	1	경영/기획/컨설팅	현직원	서울	 1 	False
2015/2/27	한영회계법인	1000	89243	87255	2.0	2.0	2.0	1.0	1.0	0	1	경영/기획/컨설팅	전직원	서울	 0 	False
2015/2/4	한영회계법인	1000	89243	81543	3.0	4.0	5.0	3.0	2.0	1	1	기타	전직원	서울	 0 	False
2015/2/28	한국과학기술연구원	1000	86772	87574	3.0	4.0	3.0	2.0	2.0	1	1	경영/기획/컨설팅	전직원	서울	 0 	False
2015/2/24	한국과학기술연구원	1000	86772	86287	2.0	4.0	4.0	3.0	3.0	1	1	경영/기획/컨설팅	전직원	서울	 4 	True
2015/2/20	한국과학기술연구원	1000	86772	85325	4.0	4.0	4.0	4.0	4.0	1	1	특수계층/공공	현직원	서울	 0 	False
2015/2/16	한국과학기술연구원	1000	86772	84654	1.0	4.0	3.0	5.0	1.0	1	1	전문직	현직원	서울	 0 	False
2015/2/13	한국과학기술연구원	1000	86772	84181	5.0	5.0	5.0	5.0	5.0	1	1	IT/인터넷	현직원	기타	 0 	False
2015/2/3	한국과학기술연구원	1000	86772	81302	2.0	3.0	4.0	3.0	3.0	0	1	전문직	전직원	서울	 1 	False
2015/2/28	(주)한국능률협회컨설팅	1000	48855	87554	3.0	3.0	2.0	2.0	2.0	0	1	기타	전직원	서울	 3 	False
2015/2/27	(주)한국능률협회컨설팅	1000	48855	87249	3.0	4.0	2.0	4.0	3.0	1	1	교육	전직원	서울	 3 	False
2015/2/25	(주)한국능률협회컨설팅	1000	48855	86582	3.0	3.0	1.0	2.0	2.0	0	1	기타	현직원	서울	 1 	False
2015/2/13	(주)한국능률협회컨설팅	1000	48855	84127	3.0	3.0	2.0	2.0	2.0	0	1	전문직	현직원	서울	 0 	False
2015/2/13	(주)한국능률협회컨설팅	1000	48855	84045	2.0	3.0	1.0	2.0	1.0	0	1	경영/기획/컨설팅	현직원	서울	 1 	False
2015/2/10	(주)한국능률협회컨설팅	1000	48855	83341	3.0	2.0	1.0	2.0	3.0	0	1	전문직	현직원	서울	 1 	False
2015/2/24	한국국제협력단	1000	88967	86259	5.0	2.0	1.0	1.0	1.0	1	1	특수계층/공공	전직원	경기	 4 	False
2015/2/8	한국국제협력단	1000	88967	82672	3.0	3.0	2.0	4.0	3.0	1	1	경영/기획/컨설팅	전직원	기타	 2 	False
2015/2/27	닐슨코리아	1000	41244	87258	3.0	2.0	3.0	4.0	3.0	0	1	영업/제휴	현직원	서울	 0 	False
2015/2/16	닐슨코리아	1000	41244	84810	2.0	3.0	1.0	1.0	1.0	0	1	서비스/고객지원	현직원	서울	 1 	False
2015/2/5	닐슨코리아	1000	41244	81936	3.0	3.0	5.0	4.0	3.0	1	1	IT/인터넷	전직원	서울	 0 	False
2015/2/21	한국생산성본부	1000	3486	85402	1.0	3.0	3.0	2.0	1.0	0	1	전문직	현직원	서울	 5 	False
2015/2/19	한국생산성본부	1000	3486	85168	2.0	2.0	2.0	2.0	2.0	0	1	전문직	전직원	서울	 0 	False
2015/2/11	한국생산성본부	1000	3486	83591	3.0	3.0	4.0	3.0	3.0	0	1	경영/기획/컨설팅	전직원	서울	 0 	False
2015/2/25	(주)윕스	1000	60409	86501	3.0	2.0	3.0	3.0	1.0	0	1	법률/법무	전직원	서울	 0 	False
2015/2/25	(주)윕스	1000	60409	86479	4.0	2.0	3.0	4.0	2.0	1	1	전문직	전직원	대전	 0 	False
2015/2/24	(주)윕스	1000	60409	86250	4.0	3.0	5.0	5.0	5.0	1	1	IT/인터넷	현직원	서울	 0 	False
2015/2/23	(주)윕스	1000	60409	85869	5.0	4.0	4.0	4.0	4.0	1	1	기타	현직원	대전	 0 	False
2015/2/5	(주)윕스	1000	60409	81937	2.0	2.0	3.0	3.0	2.0	0	1	법률/법무	전직원	서울	 0 	False
2015/2/2	(주)윕스	1000	60409	80677	3.0	3.0	3.0	3.0	3.0	1	1	서비스/고객지원	현직원	서울	 1 	False
2015/2/13	전자부품연구원	1000	88699	84207	3.0	4.0	4.0	4.0	4.0	1	1	IT/인터넷	전직원	서울	 0 	False
2015/2/6	전자부품연구원	1000	88699	82298	2.0	5.0	3.0	2.0	2.0	0	1	IT/인터넷	현직원	경기	 0 	False
2015/2/4	전자부품연구원	1000	88699	81440	3.0	3.0	3.0	3.0	3.0	0	0	IT/인터넷	전직원	경기	 0 	False
2015/2/25	입소스(주)	1000	57401	86722	3.0	2.0	2.0	2.0	3.0	0	1	경영/기획/컨설팅	전직원	서울	 1 	False
2015/2/5	입소스(주)	1000	57401	81842	4.0	1.0	1.0	3.0	2.0	0	0	경영/기획/컨설팅	현직원	서울	 2 	False
2015/2/1	입소스(주)	1000	57401	80561	1.0	1.0	1.0	3.0	1.0	0	0	전문직	현직원	서울	 4 	False
2015/2/3	한국생산기술연구원	1000	89545	81321	1.0	3.0	5.0	5.0	2.0	0	1	생산/제조	전직원	인천	 0 	False
2015/2/26	(주)칸타코리아 테일러넬슨소프레스코리아	1000	51497	86899	2.0	1.0	1.0	4.0	2.0	0	0	전문직	전직원	서울	 3 	False
2015/2/25	(주)칸타코리아 테일러넬슨소프레스코리아	1000	51497	86753	4.0	3.0	2.0	4.0	3.0	1	1	기타	전직원	서울	 1 	True
2015/2/18	(주)칸타코리아 테일러넬슨소프레스코리아	1000	51497	85145	3.0	2.0	1.0	2.0	1.0	0	0	경영/기획/컨설팅	전직원	서울	 6 	False
2015/2/10	한국환경공단	1000	89033	83215	2.0	3.0	5.0	4.0	4.0	0	1	전문직	전직원	대구	 2 	False
2015/2/7	한국환경공단	1000	89033	82480	3.0	3.0	4.0	3.0	3.0	1	1	전문직	전직원	서울	 1 	False
2015/2/7	한국환경공단	1000	89033	82359	3.0	2.0	5.0	5.0	3.0	1	1	특수계층/공공	전직원	경기	 0 	False
2015/2/27	삼정케이피엠지(주)	1000	29630	87277	3.0	3.0	1.0	3.0	1.0	0	1	전문직	전직원	서울	 0 	False
2015/2/25	삼정케이피엠지(주)	1000	29630	86744	3.0	4.0	1.0	1.0	1.0	0	1	경영/기획/컨설팅	전직원	서울	 0 	False
2015/2/24	건강보험심사평가원	1000	45995	86112	2.0	2.0	5.0	3.0	2.0	1	1	인사/총무	전직원	대구	 0 	False
2015/2/23	건강보험심사평가원	1000	45995	85847	4.0	4.0	4.0	4.0	3.0	1	1	경영/기획/컨설팅	전직원	서울	 1 	False
2015/2/4	건강보험심사평가원	1000	45995	81641	3.0	2.0	4.0	3.0	3.0	1	1	경영/기획/컨설팅	전직원	서울	 0 	False
2015/2/23	한국전자통신연구원	1000	89012	85967	4.0	3.0	4.0	4.0	3.0	1	1	전문직	현직원	대전	 0 	False
